Game Information,,,,,,Player Statlines,,,,,
Week,Game,Match ID,Team,Opponent,Player,Sc,G,A,Sv,Sh,NCP
1,1,1,Bears,Rhinos,Kracerlink,483,2,0,1,4,
1,1,1,Bears,Rhinos,Ryder,310,0,1,1,0,
1,1,1,Rhinos,Bears,BadK1dz,664,3,0,0,4,
1,1,1,Rhinos,Bears,Korluss,351,0,0,2,2,
1,2,1,Bears,Rhinos,Kracerlink,564,2,0,2,3,
1,2,1,Bears,Rhinos,Ryder,340,0,1,1,0,
1,2,1,Rhinos,Bears,BadK1dz,280,0,0,1,4,
1,2,1,Rhinos,Bears,Korluss,222,0,0,0,1,
1,3,1,Bears,Rhinos,Kracerlink,499,2,0,1,3,
1,3,1,Bears,Rhinos,Ryder,411,0,1,4,0,
1,3,1,Rhinos,Bears,BadK1dz,295,0,0,1,4,
1,3,1,Rhinos,Bears,Korluss,308,1,0,1,3,
1,4,1,Bears,Rhinos,Kracerlink,649,2,1,2,2,
1,4,1,Bears,Rhinos,Ryder,410,1,1,0,2,
1,4,1,Rhinos,Bears,BadK1dz,426,0,2,1,3,
1,4,1,Rhinos,Bears,Korluss,382,2,0,0,3,
1,5,1,Bears,Rhinos,Kracerlink,1000,3,0,4,5,
1,5,1,Bears,Rhinos,Ryder,476,0,1,3,2,
1,5,1,Rhinos,Bears,BadK1dz,424,0,2,0,7,
1,5,1,Rhinos,Bears,Korluss,617,2,0,2,5,
1,1,2,Pirates,Knights,Tater,556,2,1,1,4,
1,1,2,Pirates,Knights,Crey2k,461,2,1,1,2,
1,1,2,Knights,Pirates,MikeIsMyIke,484,1,2,0,4,
1,1,2,Knights,Pirates,Beninemm,426,2,0,1,3,
1,2,2,Pirates,Knights,Tater,408,1,1,1,2,
1,2,2,Pirates,Knights,Crey2k,425,1,1,1,4,
1,2,2,Knights,Pirates,MikeIsMyIke,785,3,2,1,8,
1,2,2,Knights,Pirates,Beninemm,502,2,1,1,1,
1,3,2,Pirates,Knights,Tater,470,1,0,2,4,
1,3,2,Pirates,Knights,Crey2k,466,1,1,1,4,
1,3,2,Knights,Pirates,MikeIsMyIke,284,0,0,1,1,
1,3,2,Knights,Pirates,Beninemm,617,1,0,4,3,
1,4,2,Pirates,Knights,Tater,569,2,2,2,5,
1,4,2,Pirates,Knights,Crey2k,597,3,0,1,5,
1,4,2,Knights,Pirates,MikeIsMyIke,404,1,2,0,3,
1,4,2,Knights,Pirates,Beninemm,440,2,0,1,4,
1,5,2,Pirates,Knights,Tater,871,3,0,2,8,
1,5,2,Pirates,Knights,Crey2k,578,1,0,3,3,
1,5,2,Knights,Pirates,MikeIsMyIke,764,2,2,3,5,
1,5,2,Knights,Pirates,Beninemm,1194,3,1,6,11,
1,1,3,Outlaws,Sabres,Saucey,805,2,2,4,2,
1,1,3,Outlaws,Sabres,notmike,571,3,1,0,6,
1,1,3,Sabres,Outlaws,K3v,344,0,0,3,2,
1,1,3,Sabres,Outlaws,Big Boi Johnny,644,1,0,3,3,
1,2,3,Outlaws,Sabres,Saucey,1029,3,0,5,5,
1,2,3,Outlaws,Sabres,notmike,375,0,2,1,4,
1,2,3,Sabres,Outlaws,K3v,494,1,0,1,4,
1,2,3,Sabres,Outlaws,Big Boi Johnny,702,1,1,3,5,
1,3,3,Outlaws,Sabres,Saucey,382,1,1,1,5,
1,3,3,Outlaws,Sabres,notmike,469,1,1,2,1,
1,3,3,Sabres,Outlaws,K3v,508,2,0,1,4,
1,3,3,Sabres,Outlaws,Big Boi Johnny,623,3,0,1,6,
1,4,3,Outlaws,Sabres,Saucey,738,3,0,3,3,
1,4,3,Outlaws,Sabres,notmike,301,0,1,1,3,
1,4,3,Sabres,Outlaws,K3v,755,4,0,1,5,
1,4,3,Sabres,Outlaws,Big Boi Johnny,378,0,2,2,4,
1,5,3,Outlaws,Sabres,Saucey,478,0,1,2,3,
1,5,3,Outlaws,Sabres,notmike,304,1,0,1,2,
1,5,3,Sabres,Outlaws,K3v,423,1,1,1,3,
1,5,3,Sabres,Outlaws,Big Boi Johnny,450,1,0,1,3,
1,1,4,Wizards,Demolition,Jimmer,629,2,1,2,2,
1,1,4,Wizards,Demolition,KingHaast,457,1,1,2,3,
1,1,4,Demolition,Wizards,CinderBlock,504,1,0,2,5,
1,1,4,Demolition,Wizards,Bandicoot,172,0,0,1,1,
1,2,4,Wizards,Demolition,Jimmer,447,1,0,4,2,
1,2,4,Wizards,Demolition,KingHaast,561,2,0,2,4,
1,2,4,Demolition,Wizards,CinderBlock,352,0,1,2,3,
1,2,4,Demolition,Wizards,Bandicoot,524,2,0,1,5,
1,3,4,Wizards,Demolition,Jimmer,614,3,0,2,4,
1,3,4,Wizards,Demolition,KingHaast,320,1,1,1,3,
1,3,4,Demolition,Wizards,CinderBlock,1127,6,3,1,9,
1,3,4,Demolition,Wizards,Bandicoot,840,3,4,2,7,
1,4,4,Wizards,Demolition,Jimmer,398,1,0,0,3,
1,4,4,Wizards,Demolition,KingHaast,202,0,0,1,1,
1,4,4,Demolition,Wizards,CinderBlock,698,3,1,1,4,
1,4,4,Demolition,Wizards,Bandicoot,627,2,3,1,3,
1,5,4,Wizards,Demolition,Jimmer,588,3,0,1,3,
1,5,4,Wizards,Demolition,KingHaast,435,0,2,2,3,
1,5,4,Demolition,Wizards,CinderBlock,570,1,3,1,3,
1,5,4,Demolition,Wizards,Bandicoot,1044,6,0,1,11,
1,1,5,Bulls,Hurricanes,Bondo,417,0,0,3,2,
1,1,5,Bulls,Hurricanes,Moosey,301,0,0,1,2,
1,1,5,Hurricanes,Bulls,AcePocket,598,2,0,2,4,
1,1,5,Hurricanes,Bulls,Aether,278,0,0,1,3,
1,2,5,Bulls,Hurricanes,Bondo,519,1,0,3,3,
1,2,5,Bulls,Hurricanes,Moosey,369,1,1,0,3,
1,2,5,Hurricanes,Bulls,AcePocket,287,0,0,2,1,
1,2,5,Hurricanes,Bulls,Aether,539,1,0,2,2,
1,3,5,Bulls,Hurricanes,Bondo,529,2,0,1,3,
1,3,5,Bulls,Hurricanes,Moosey,325,0,1,3,1,
1,3,5,Hurricanes,Bulls,AcePocket,567,0,3,2,4,
1,3,5,Hurricanes,Bulls,Aether,643,4,0,0,6,
1,4,5,Bulls,Hurricanes,Bondo,619,2,2,1,5,
1,4,5,Bulls,Hurricanes,Moosey,534,2,1,2,4,
1,4,5,Hurricanes,Bulls,AcePocket,602,2,1,2,5,
1,4,5,Hurricanes,Bulls,Aether,799,3,1,3,3,
1,5,5,Bulls,Hurricanes,Bondo,238,1,0,0,5,
1,5,5,Bulls,Hurricanes,Moosey,226,0,1,1,2,
1,5,5,Hurricanes,Bulls,AcePocket,850,4,0,3,5,
1,5,5,Hurricanes,Bulls,Aether,457,0,2,3,2,
1,1,6,Elite,Spectre,Xeia,660,3,1,1,6,
1,1,6,Elite,Spectre,Demonic,631,2,2,1,4,
1,1,6,Spectre,Elite,JorbyPls,370,1,0,0,2,
1,1,6,Spectre,Elite,Mythonian,279,0,0,2,2,
1,2,6,Elite,Spectre,Xeia,114,0,0,0,1,
1,2,6,Elite,Spectre,Demonic,499,0,0,4,3,
1,2,6,Spectre,Elite,JorbyPls,389,0,0,4,4,
1,2,6,Spectre,Elite,Mythonian,396,1,0,1,2,
1,3,6,Elite,Spectre,Xeia,826,3,3,1,5,
1,3,6,Elite,Spectre,Demonic,785,4,1,2,7,
1,3,6,Spectre,Elite,JorbyPls,195,0,0,1,1,
1,3,6,Spectre,Elite,Mythonian,494,2,0,1,4,
1,4,6,Elite,Spectre,Xeia,715,4,1,0,6,
1,4,6,Elite,Spectre,Demonic,806,3,3,1,4,
1,4,6,Spectre,Elite,JorbyPls,412,1,0,2,1,
1,4,6,Spectre,Elite,Mythonian,352,1,0,1,1,
1,5,6,Elite,Spectre,Xeia,563,3,1,0,4,
1,5,6,Elite,Spectre,Demonic,537,1,1,2,3,
1,5,6,Spectre,Elite,JorbyPls,512,2,1,1,3,
1,5,6,Spectre,Elite,Mythonian,494,1,2,2,2,
1,1,7,Tyrants,Flames,alex5050,629,1,0,4,5,
1,1,7,Tyrants,Flames,TruSolja,428,1,0,1,2,
1,1,7,Flames,Tyrants,Bones,292,0,0,1,3,
1,1,7,Flames,Tyrants,iP JoKeR,470,1,0,1,6,
1,2,7,Tyrants,Flames,alex5050,266,0,1,1,1,
1,2,7,Tyrants,Flames,TruSolja,504,1,0,3,3,
1,2,7,Flames,Tyrants,Bones,240,0,0,1,1,
1,2,7,Flames,Tyrants,iP JoKeR,569,3,0,1,6,
1,3,7,Tyrants,Flames,alex5050,336,0,0,2,3,
1,3,7,Tyrants,Flames,TruSolja,627,2,0,3,5,
1,3,7,Flames,Tyrants,Bones,437,1,0,1,6,
1,3,7,Flames,Tyrants,iP JoKeR,360,0,1,2,3,
1,4,7,Tyrants,Flames,alex5050,405,0,1,3,2,
1,4,7,Tyrants,Flames,TruSolja,575,2,0,2,5,
1,4,7,Flames,Tyrants,Bones,396,1,0,1,5,
1,4,7,Flames,Tyrants,iP JoKeR,435,0,1,2,2,
1,5,7,Tyrants,Flames,alex5050,397,1,0,2,3,
1,5,7,Tyrants,Flames,TruSolja,815,4,0,2,5,
1,5,7,Flames,Tyrants,Bones,629,3,0,2,8,
1,5,7,Flames,Tyrants,iP JoKeR,493,0,2,2,2,
1,1,8,Pandas,Dodgers,The Law,574,1,2,2,3,
1,1,8,Pandas,Dodgers,BlueMars2,540,2,0,2,2,
1,1,8,Dodgers,Pandas,furphy,275,0,0,1,2,
1,1,8,Dodgers,Pandas,InanimateJ,198,0,0,1,3,
1,2,8,Pandas,Dodgers,The Law,466,2,1,1,3,
1,2,8,Pandas,Dodgers,BlueMars2,378,1,1,1,3,
1,2,8,Dodgers,Pandas,furphy,428,1,2,0,2,
1,2,8,Dodgers,Pandas,InanimateJ,670,3,0,1,6,
1,3,8,Pandas,Dodgers,The Law,896,4,1,2,5,
1,3,8,Pandas,Dodgers,BlueMars2,629,1,3,3,3,
1,3,8,Dodgers,Pandas,furphy,490,1,2,1,1,
1,3,8,Dodgers,Pandas,InanimateJ,651,3,0,2,8,
1,4,8,Pandas,Dodgers,The Law,296,0,2,1,1,
1,4,8,Pandas,Dodgers,BlueMars2,721,3,0,2,5,
1,4,8,Dodgers,Pandas,furphy,336,0,0,2,2,
1,4,8,Dodgers,Pandas,InanimateJ,190,0,0,0,3,
1,5,8,Pandas,Dodgers,The Law,395,1,1,2,0,
1,5,8,Pandas,Dodgers,BlueMars2,424,2,0,1,2,
1,5,8,Dodgers,Pandas,furphy,250,1,0,0,3,
1,5,8,Dodgers,Pandas,InanimateJ,294,1,1,0,4,
1,1,9,Blizzard,Shadow,Jroja,437,1,0,3,3,
1,1,9,Blizzard,Shadow,Icey6,345,0,0,2,5,
1,1,9,Shadow,Blizzard,Thunder,851,3,0,4,4,
1,1,9,Shadow,Blizzard,euronate,266,1,0,0,6,
1,2,9,Blizzard,Shadow,Jroja,547,0,3,2,3,
1,2,9,Blizzard,Shadow,Icey6,737,4,0,0,8,
1,2,9,Shadow,Blizzard,Thunder,872,3,1,3,4,
1,2,9,Shadow,Blizzard,euronate,511,2,1,1,4,
1,3,9,Blizzard,Shadow,Jroja,470,2,0,1,6,
1,3,9,Blizzard,Shadow,Icey6,405,1,1,1,3,
1,3,9,Shadow,Blizzard,Thunder,919,4,1,3,7,
1,3,9,Shadow,Blizzard,euronate,500,1,1,3,1,
1,4,9,Blizzard,Shadow,Jroja,200,0,2,0,2,
1,4,9,Blizzard,Shadow,Icey6,643,2,0,3,6,
1,4,9,Shadow,Blizzard,Thunder,778,4,0,1,5,
1,4,9,Shadow,Blizzard,euronate,513,0,2,4,2,
1,5,9,Blizzard,Shadow,Jroja,421,1,0,1,4,
1,5,9,Blizzard,Shadow,Icey6,652,0,1,4,7,
1,5,9,Shadow,Blizzard,Thunder,740,2,0,2,6,
1,5,9,Shadow,Blizzard,euronate,547,0,2,2,2,
1,1,10,Hawks,Express,Shackelz,491,1,0,3,2,
1,1,10,Hawks,Express,T3nshuN,284,0,1,1,3,
1,1,10,Express,Hawks,Manatee,519,2,0,1,8,
1,1,10,Express,Hawks,Flog Pops,493,0,1,4,1,
1,2,10,Hawks,Express,Shackelz,531,1,0,3,0,
1,2,10,Hawks,Express,T3nshuN,268,0,0,0,1,
1,2,10,Express,Hawks,Manatee,312,0,1,1,2,
1,2,10,Express,Hawks,Flog Pops,532,2,0,0,3,
1,3,10,Hawks,Express,Shackelz,397,0,0,2,1,
1,3,10,Hawks,Express,T3nshuN,214,0,0,1,3,
1,3,10,Express,Hawks,Manatee,182,0,0,0,3,
1,3,10,Express,Hawks,Flog Pops,423,1,0,2,1,
1,4,10,Hawks,Express,Shackelz,309,1,0,1,3,
1,4,10,Hawks,Express,T3nshuN,536,0,1,4,3,
1,4,10,Express,Hawks,Manatee,649,3,0,0,7,
1,4,10,Express,Hawks,Flog Pops,610,2,0,3,6,
1,5,10,Hawks,Express,Shackelz,388,1,0,3,1,
1,5,10,Hawks,Express,T3nshuN,471,0,1,4,1,
1,5,10,Express,Hawks,Manatee,402,1,1,0,5,
1,5,10,Express,Hawks,Flog Pops,308,1,0,1,5,
1,1,11,Lightning,Puffins,robin.,553,0,0,6,1,
1,1,11,Lightning,Puffins,Magnus,264,1,0,0,3,
1,1,11,Puffins,Lightning,Trent,806,4,0,2,8,
1,1,11,Puffins,Lightning,BazedN,547,1,3,1,2,
1,2,11,Lightning,Puffins,robin.,274,1,0,1,2,
1,2,11,Lightning,Puffins,Magnus,438,0,1,2,1,
1,2,11,Puffins,Lightning,Trent,402,1,1,0,3,
1,2,11,Puffins,Lightning,BazedN,456,2,1,0,5,
1,3,11,Lightning,Puffins,robin.,921,2,2,6,4,
1,3,11,Lightning,Puffins,Magnus,448,2,0,1,6,
1,3,11,Puffins,Lightning,Trent,764,3,1,2,6,
1,3,11,Puffins,Lightning,BazedN,561,3,1,0,7,
1,4,11,Lightning,Puffins,robin.,624,3,0,2,4,
1,4,11,Lightning,Puffins,Magnus,332,0,2,1,2,
1,4,11,Puffins,Lightning,Trent,775,4,1,1,8,
1,4,11,Puffins,Lightning,BazedN,368,2,0,0,3,
1,5,11,Lightning,Puffins,robin.,895,2,0,7,4,
1,5,11,Lightning,Puffins,Magnus,310,0,1,2,4,
1,5,11,Puffins,Lightning,Trent,615,1,1,4,6,
1,5,11,Puffins,Lightning,BazedN,491,2,0,1,5,
1,1,12,Eclipse,Aviators,Krops,154,0,0,0,1,
1,1,12,Eclipse,Aviators,Lil Q,457,1,0,1,4,
1,1,12,Aviators,Eclipse,Fllassh,449,1,0,2,1,
1,1,12,Aviators,Eclipse,007Bondo,411,1,0,1,4,
1,2,12,Eclipse,Aviators,Krops,657,0,3,3,3,
1,2,12,Eclipse,Aviators,Lil Q,846,3,0,3,7,
1,2,12,Aviators,Eclipse,Fllassh,442,1,1,0,3,
1,2,12,Aviators,Eclipse,007Bondo,674,1,1,3,6,
1,3,12,Eclipse,Aviators,Krops,872,3,2,3,8,
1,3,12,Eclipse,Aviators,Lil Q,580,2,2,1,4,
1,3,12,Aviators,Eclipse,Fllassh,280,1,0,0,4,
1,3,12,Aviators,Eclipse,007Bondo,382,0,0,3,1,
1,4,12,Eclipse,Aviators,Krops,651,1,5,0,3,
1,4,12,Eclipse,Aviators,Lil Q,872,6,0,0,7,
1,4,12,Aviators,Eclipse,Fllassh,338,1,2,0,2,
1,4,12,Aviators,Eclipse,007Bondo,653,3,1,0,4,
1,5,12,Eclipse,Aviators,Krops,568,2,0,2,4,
1,5,12,Eclipse,Aviators,Lil Q,409,0,1,2,3,
1,5,12,Aviators,Eclipse,Fllassh,757,3,2,2,6,
1,5,12,Aviators,Eclipse,007Bondo,779,3,2,1,5,
1,1,13,Comets,Spartans,RapidChampion,345,0,1,1,1,
1,1,13,Comets,Spartans,Thunderbug95,483,1,0,3,2,
1,1,13,Spartans,Comets,Jeremazing,228,0,1,0,4,
1,1,13,Spartans,Comets,Sushii,459,2,0,1,3,
1,2,13,Comets,Spartans,RapidChampion,430,1,1,0,6,
1,2,13,Comets,Spartans,Thunderbug95,280,1,0,0,3,
1,2,13,Spartans,Comets,Jeremazing,234,0,1,1,0,
1,2,13,Spartans,Comets,Sushii,889,4,0,4,7,
1,3,13,Comets,Spartans,RapidChampion,1007,5,2,1,9,
1,3,13,Comets,Spartans,Thunderbug95,480,2,1,1,3,
1,3,13,Spartans,Comets,Jeremazing,747,3,1,4,4,
1,3,13,Spartans,Comets,Sushii,75,3,2,1,4,
1,4,13,Comets,Spartans,RapidChampion,286,0,0,2,2,
1,4,13,Comets,Spartans,Thunderbug95,473,0,0,3,2,
1,4,13,Spartans,Comets,Jeremazing,406,0,1,2,3,
1,4,13,Spartans,Comets,Sushii,378,1,0,1,4,
1,5,13,Comets,Spartans,RapidChampion,385,0,0,3,2,
1,5,13,Comets,Spartans,Thunderbug95,440,2,0,1,3,
1,5,13,Spartans,Comets,Jeremazing,542,2,1,2,7,
1,5,13,Spartans,Comets,Sushii,626,2,2,1,4,
1,1,14,Jets,Sharks,Phyrexius,993,4,2,4,7,
1,1,14,Jets,Sharks,Rushy,585,3,0,1,4,
1,1,14,Sharks,Jets,Scoobert Doobert,476,2,0,1,6,
1,1,14,Sharks,Jets,Grizz1y,265,0,1,1,3,
1,2,14,Jets,Sharks,Phyrexius,701,4,0,0,10,
1,2,14,Jets,Sharks,Rushy,698,1,3,3,4,
1,2,14,Sharks,Jets,Scoobert Doobert,567,1,1,2,5,
1,2,14,Sharks,Jets,Grizz1y,744,3,1,2,4,
1,3,14,Jets,Sharks,Phyrexius,563,2,0,3,5,
1,3,14,Jets,Sharks,Rushy,446,0,0,4,3,
1,3,14,Sharks,Jets,Scoobert Doobert,503,1,0,3,4,
1,3,14,Sharks,Jets,Grizz1y,310,0,1,1,4,
1,4,14,Jets,Sharks,Phyrexius,691,2,0,2,7,
1,4,14,Jets,Sharks,Rushy,470,1,1,0,3,
1,4,14,Sharks,Jets,Scoobert Doobert,836,2,1,4,6,
1,4,14,Sharks,Jets,Grizz1y,765,2,1,2,3,
1,5,14,Jets,Sharks,Phyrexius,651,3,0,1,5,
1,5,14,Jets,Sharks,Rushy,546,0,2,4,1,
1,5,14,Sharks,Jets,Scoobert Doobert,412,1,1,1,2,
1,5,14,Sharks,Jets,Grizz1y,590,1,1,2,4,
1,1,15,Wolves,Hive,Haimgame,271,0,0,2,2,
1,1,15,Wolves,Hive,Uhsteve,230,0,0,1,2,
1,1,15,Hive,Wolves,Chase,508,1,0,3,1,
1,1,15,Hive,Wolves,JakeUpTheLeft,470,0,1,3,2,
1,2,15,Wolves,Hive,Haimgame,482,1,2,1,2,
1,2,15,Wolves,Hive,Uhsteve,671,2,1,2,5,
1,2,15,Hive,Wolves,Chase,313,0,0,1,4,
1,2,15,Hive,Wolves,JakeUpTheLeft,244,0,0,1,3,
1,3,15,Wolves,Hive,Haimgame,701,4,1,0,8,
1,3,15,Wolves,Hive,Uhsteve,546,2,1,2,4,
1,3,15,Hive,Wolves,Chase,382,2,0,1,2,
1,3,15,Hive,Wolves,JakeUpTheLeft,349,0,0,3,2,
1,4,15,Wolves,Hive,Haimgame,721,3,0,2,7,
1,4,15,Wolves,Hive,Uhsteve,305,0,1,1,5,
1,4,15,Hive,Wolves,Chase,336,1,0,1,4,
1,4,15,Hive,Wolves,JakeUpTheLeft,334,0,1,3,2,
1,5,15,Wolves,Hive,Haimgame,548,2,1,2,6,
1,5,15,Wolves,Hive,Uhsteve,538,2,2,0,4,
1,5,15,Hive,Wolves,Chase,228,0,0,2,1,
1,5,15,Hive,Wolves,JakeUpTheLeft,252,0,0,1,1,
1,1,16,Ducks,Foxes,Holo,468,0,0,3,2,
1,1,16,Ducks,Foxes,GoldenGomez,429,0,0,3,2,
1,1,16,Foxes,Ducks,Wubby,431,1,0,2,5,
1,1,16,Foxes,Ducks,Thunderballs,264,0,1,1,1,
1,2,16,Ducks,Foxes,Holo,266,1,0,0,4,
1,2,16,Ducks,Foxes,GoldenGomez,343,0,1,2,2,
1,2,16,Foxes,Ducks,Wubby,650,2,2,3,2,
1,2,16,Foxes,Ducks,Thunderballs,912,4,1,2,9,
1,3,16,Ducks,Foxes,Holo,730,3,0,2,4,
1,3,16,Ducks,Foxes,GoldenGomez,532,2,2,0,6,
1,3,16,Foxes,Ducks,Wubby,504,0,2,3,3,
1,3,16,Foxes,Ducks,Thunderballs,554,2,0,2,3,
1,4,16,Ducks,Foxes,Holo,445,2,0,1,4,
1,4,16,Ducks,Foxes,GoldenGomez,369,0,0,4,0,
1,4,16,Foxes,Ducks,Wubby,326,1,1,0,4,
1,4,16,Foxes,Ducks,Thunderballs,512,2,1,2,5,
1,5,16,Ducks,Foxes,Holo,285,0,0,1,5,
1,5,16,Ducks,Foxes,GoldenGomez,330,1,0,0,3,
1,5,16,Foxes,Ducks,Wubby,555,1,1,3,2,
1,5,16,Foxes,Ducks,Thunderballs,522,2,0,2,3,
2,1,17,Bears,Demolition,Water,557,2,0,3,3,
2,1,17,Bears,Demolition,Ryder,482,2,0,0,6,
2,1,17,Demolition,Bears,CinderBlock,480,1,0,2,3,
2,1,17,Demolition,Bears,Sadomi_,276,0,1,2,2,
2,2,17,Bears,Demolition,Water,293,0,0,1,5,
2,2,17,Bears,Demolition,Ryder,599,3,0,1,5,
2,2,17,Demolition,Bears,CinderBlock,254,0,0,1,1,
2,2,17,Demolition,Bears,Sadomi_,425,1,0,2,4,
2,3,17,Bears,Demolition,Water,655,4,1,0,8,
2,3,17,Bears,Demolition,Ryder,830,3,3,0,6,
2,3,17,Demolition,Bears,CinderBlock,620,1,1,4,2,
2,3,17,Demolition,Bears,Sadomi_,262,1,0,0,1,
2,4,17,Bears,Demolition,Water,969,2,1,4,5,
2,4,17,Bears,Demolition,Ryder,624,2,0,2,6,
2,4,17,Demolition,Bears,CinderBlock,938,3,0,3,9,
2,4,17,Demolition,Bears,Sadomi_,457,0,1,2,2,
2,5,17,Bears,Demolition,Water,334,1,2,0,4,
2,5,17,Bears,Demolition,Ryder,495,3,0,0,3,
2,5,17,Demolition,Bears,CinderBlock,204,0,0,0,0,
2,5,17,Demolition,Bears,Sadomi_,492,1,0,3,1,
2,1,18,Pirates,Sabres,RED,702,1,1,4,7,
2,1,18,Pirates,Sabres,Crey2k,595,3,1,1,5,
2,1,18,Sabres,Pirates,1AMRamen,515,0,1,4,2,
2,1,18,Sabres,Pirates,Big Boi Johnny,692,2,0,3,5,
2,2,18,Pirates,Sabres,RED,749,1,3,2,7,
2,2,18,Pirates,Sabres,Crey2k,569,3,1,0,5,
2,2,18,Sabres,Pirates,1AMRamen,1147,7,0,1,7,
2,2,18,Sabres,Pirates,Big Boi Johnny,724,1,5,3,3,
2,3,18,Pirates,Sabres,RED,516,1,1,0,4,
2,3,18,Pirates,Sabres,Crey2k,396,1,1,2,2,
2,3,18,Sabres,Pirates,1AMRamen,533,1,3,1,2,
2,3,18,Sabres,Pirates,Big Boi Johnny,886,4,0,2,7,
2,4,18,Pirates,Sabres,RED,384,1,0,1,3,
2,4,18,Pirates,Sabres,Crey2k,625,2,1,1,2,
2,4,18,Sabres,Pirates,1AMRamen,317,0,1,1,4,
2,4,18,Sabres,Pirates,Big Boi Johnny,422,2,0,0,5,
2,5,18,Pirates,Sabres,RED,330,1,1,0,3,
2,5,18,Pirates,Sabres,Crey2k,534,2,1,2,4,
2,5,18,Sabres,Pirates,1AMRamen,485,1,1,3,2,
2,5,18,Sabres,Pirates,Big Boi Johnny,727,4,0,1,7,
2,1,19,Outlaws,Knights,notmike,312,0,1,2,1,
2,1,19,Outlaws,Knights,Peytoneli,621,2,0,3,3,
2,1,19,Knights,Outlaws,OGkrish,376,1,0,2,4,
2,1,19,Knights,Outlaws,Beninemm,262,0,1,0,4,
2,2,19,Outlaws,Knights,notmike,493,0,1,3,2,
2,2,19,Outlaws,Knights,Peytoneli,849,3,0,3,4,
2,2,19,Knights,Outlaws,OGkrish,872,4,0,1,8,
2,2,19,Knights,Outlaws,Beninemm,491,0,3,1,5,
2,3,19,Outlaws,Knights,notmike,343,0,2,1,1,
2,3,19,Outlaws,Knights,Peytoneli,742,3,0,3,4,
2,3,19,Knights,Outlaws,OGkrish,378,1,1,1,3,
2,3,19,Knights,Outlaws,Beninemm,482,1,1,1,4,
2,4,19,Outlaws,Knights,notmike,463,1,3,0,3,
2,4,19,Outlaws,Knights,Peytoneli,609,3,0,1,5,
2,4,19,Knights,Outlaws,OGkrish,675,3,1,1,4,
2,4,19,Knights,Outlaws,Beninemm,520,2,2,0,5,
2,5,19,Outlaws,Knights,notmike,464,1,2,1,3,
2,5,19,Outlaws,Knights,Peytoneli,346,2,0,0,2,
2,5,19,Knights,Outlaws,OGkrish,599,3,1,0,5,
2,5,19,Knights,Outlaws,Beninemm,615,1,3,2,2,
2,1,20,Wizards,Rhinos,Jimmer,554,2,0,2,4,
2,1,20,Wizards,Rhinos,KingHaast,420,1,1,2,0,
2,1,20,Rhinos,Wizards,Korluss,539,2,0,1,3,
2,1,20,Rhinos,Wizards,kcscrag,364,0,2,0,4,
2,2,20,Wizards,Rhinos,Jimmer,525,1,1,3,3,
2,2,20,Wizards,Rhinos,KingHaast,533,1,1,1,3,
2,2,20,Rhinos,Wizards,Korluss,699,2,2,2,2,
2,2,20,Rhinos,Wizards,kcscrag,420,2,0,1,6,
2,3,20,Wizards,Rhinos,Jimmer,896,6,0,0,8,
2,3,20,Wizards,Rhinos,KingHaast,250,0,2,0,3,
2,3,20,Rhinos,Wizards,Korluss,915,5,2,1,7,
2,3,20,Rhinos,Wizards,kcscrag,849,3,2,3,3,
2,4,20,Wizards,Rhinos,Jimmer,424,1,0,1,3,
2,4,20,Wizards,Rhinos,KingHaast,340,0,1,2,2,
2,4,20,Rhinos,Wizards,Korluss,515,1,0,2,4,
2,4,20,Rhinos,Wizards,kcscrag,436,1,1,1,4,
2,5,20,Wizards,Rhinos,Jimmer,584,2,0,0,4,
2,5,20,Wizards,Rhinos,KingHaast,324,0,0,4,1,
2,5,20,Rhinos,Wizards,Korluss,661,2,2,1,4,
2,5,20,Rhinos,Wizards,kcscrag,466,2,0,1,7,
2,1,21,Bulls,Tyrants,Moosey,884,3,1,4,3,
2,1,21,Bulls,Tyrants,Lightning ,350,1,2,0,1,
2,1,21,Tyrants,Bulls,Majik,968,4,0,2,6,
2,1,21,Tyrants,Bulls,TruSolja,366,1,2,1,2,
2,2,21,Bulls,Tyrants,Moosey,868,2,0,6,3,
2,2,21,Bulls,Tyrants,Lightning ,493,0,1,3,2,
2,2,21,Tyrants,Bulls,Majik,839,2,1,2,8,
2,2,21,Tyrants,Bulls,TruSolja,436,1,1,1,5,
2,3,21,Bulls,Tyrants,Moosey,276,0,1,2,0,
2,3,21,Bulls,Tyrants,Lightning ,471,2,0,1,4,
2,3,21,Tyrants,Bulls,Majik,770,3,1,1,5,
2,3,21,Tyrants,Bulls,TruSolja,583,3,1,1,6,
2,4,21,Bulls,Tyrants,Moosey,446,0,0,4,1,
2,4,21,Bulls,Tyrants,Lightning ,269,0,0,2,1,
2,4,21,Tyrants,Bulls,Majik,442,1,2,0,6,
2,4,21,Tyrants,Bulls,TruSolja,506,2,0,1,4,
2,5,21,Bulls,Tyrants,Moosey,571,2,3,0,4,
2,5,21,Bulls,Tyrants,Lightning ,599,3,1,1,3,
2,5,21,Tyrants,Bulls,Majik,685,4,0,1,4,
2,5,21,Tyrants,Bulls,TruSolja,657,2,2,1,5,
2,1,22,Elite,Pandas,hazelnutlatte,338,0,2,0,3,
2,1,22,Elite,Pandas,Demonic,490,2,0,1,5,
2,1,22,Pandas,Elite,Pomwonderful,851,4,0,3,3,
2,1,22,Pandas,Elite,The Law,266,0,0,2,1,
2,2,22,Elite,Pandas,hazelnutlatte,468,1,2,0,4,
2,2,22,Elite,Pandas,Demonic,428,2,0,0,5,
2,2,22,Pandas,Elite,Pomwonderful,446,1,0,3,2,
2,2,22,Pandas,Elite,The Law,461,1,1,2,2,
2,3,22,Elite,Pandas,hazelnutlatte,1043,3,4,3,6,
2,3,22,Elite,Pandas,Demonic,793,4,1,2,7,
2,3,22,Pandas,Elite,Pomwonderful,276,0,0,2,2,
2,3,22,Pandas,Elite,The Law,168,0,0,2,3,
2,4,22,Elite,Pandas,hazelnutlatte,437,1,0,3,4,
2,4,22,Elite,Pandas,Demonic,457,0,1,4,1,
2,4,22,Pandas,Elite,Pomwonderful,749,3,2,2,5,
2,4,22,Pandas,Elite,The Law,569,2,1,2,5,
2,5,22,Elite,Pandas,hazelnutlatte,683,3,0,2,9,
2,5,22,Elite,Pandas,Demonic,641,2,2,1,6,
2,5,22,Pandas,Elite,Pomwonderful,706,2,1,4,3,
2,5,22,Pandas,Elite,The Law,953,2,2,6,3,
2,1,23,Hurricanes,Flames,AcePocket,426,0,0,4,2,
2,1,23,Hurricanes,Flames,Ondo,190,0,0,1,1,
2,1,23,Flames,Hurricanes,Fittz,514,2,1,1,6,
2,1,23,Flames,Hurricanes,iP JoKeR,408,1,1,0,6,
2,2,23,Hurricanes,Flames,AcePocket,620,1,1,3,4,
2,2,23,Hurricanes,Flames,Ondo,234,1,0,0,4,
2,2,23,Flames,Hurricanes,Fittz,525,1,1,3,1,
2,2,23,Flames,Hurricanes,iP JoKeR,526,2,1,1,5,
2,3,23,Hurricanes,Flames,AcePocket,325,0,1,2,2,
2,3,23,Hurricanes,Flames,Ondo,314,1,0,1,1,
2,3,23,Flames,Hurricanes,Fittz,312,1,1,0,3,
2,3,23,Flames,Hurricanes,iP JoKeR,444,1,1,1,4,
2,4,23,Hurricanes,Flames,AcePocket,488,1,2,0,4,
2,4,23,Hurricanes,Flames,Ondo,402,2,1,0,5,
2,4,23,Flames,Hurricanes,Fittz,377,1,0,2,2,
2,4,23,Flames,Hurricanes,iP JoKeR,462,0,1,3,0,
2,5,23,Hurricanes,Flames,AcePocket,366,1,1,1,4,
2,5,23,Hurricanes,Flames,Ondo,382,1,1,1,3,
2,5,23,Flames,Hurricanes,Fittz,722,3,0,3,2,
2,5,23,Flames,Hurricanes,iP JoKeR,430,1,2,1,2,
2,1,24,Spectre,Dodgers,MonsterJamers,704,2,0,3,4,
2,1,24,Spectre,Dodgers,JorbyPls,422,0,1,3,1,
2,1,24,Dodgers,Spectre,furphy,386,1,0,2,5,
2,1,24,Dodgers,Spectre,InanimateJ,272,0,0,1,3,
2,2,24,Spectre,Dodgers,MonsterJamers,281,0,0,2,1,
2,2,24,Spectre,Dodgers,JorbyPls,605,2,0,3,3,
2,2,24,Dodgers,Spectre,furphy,423,1,1,1,5,
2,2,24,Dodgers,Spectre,InanimateJ,677,3,0,1,9,
2,3,24,Spectre,Dodgers,MonsterJamers,210,0,0,1,0,
2,3,24,Spectre,Dodgers,JorbyPls,334,1,0,0,2,
2,3,24,Dodgers,Spectre,furphy,448,2,1,0,2,
2,3,24,Dodgers,Spectre,InanimateJ,507,3,0,0,5,
2,4,24,Spectre,Dodgers,MonsterJamers,792,4,1,1,6,
2,4,24,Spectre,Dodgers,JorbyPls,402,1,2,1,4,
2,4,24,Dodgers,Spectre,furphy,660,2,1,3,2,
2,4,24,Dodgers,Spectre,InanimateJ,358,1,1,1,3,
2,5,24,Spectre,Dodgers,MonsterJamers,554,2,0,2,3,
2,5,24,Spectre,Dodgers,JorbyPls,192,0,1,0,3,
2,5,24,Dodgers,Spectre,furphy,595,1,3,2,4,
2,5,24,Dodgers,Spectre,InanimateJ,793,4,1,1,6,
2,1,25,Blizzard,Lightning,Koalemos,845,4,1,1,6,
2,1,25,Blizzard,Lightning,Jroja,653,2,3,2,3,
2,1,25,Lightning,Blizzard,Magnus,469,1,0,2,4,
2,1,25,Lightning,Blizzard,tehblister,176,0,0,0,1,
2,2,25,Blizzard,Lightning,Koalemos,576,2,1,1,7,
2,2,25,Blizzard,Lightning,Jroja,409,1,1,1,5,
2,2,25,Lightning,Blizzard,Magnus,643,2,0,3,4,
2,2,25,Lightning,Blizzard,tehblister,538,0,1,4,0,
2,3,25,Blizzard,Lightning,Koalemos,721,3,0,2,8,
2,3,25,Blizzard,Lightning,Jroja,400,0,2,0,5,
2,3,25,Lightning,Blizzard,Magnus,228,0,0,1,3,
2,3,25,Lightning,Blizzard,tehblister,552,1,0,4,1,
2,4,25,Blizzard,Lightning,Koalemos,721,3,0,2,8,
2,4,25,Blizzard,Lightning,Jroja,400,0,2,0,5,
2,4,25,Lightning,Blizzard,Magnus,228,0,0,1,3,
2,4,25,Lightning,Blizzard,tehblister,552,1,0,4,1,
2,5,25,Blizzard,Lightning,Koalemos,716,2,1,3,6,
2,5,25,Blizzard,Lightning,Jroja,358,1,1,0,3,
2,5,25,Lightning,Blizzard,Magnus,423,0,1,2,7,
2,5,25,Lightning,Blizzard,tehblister,433,1,0,3,4,
2,1,26,Aviators,Express,Jdubbz,489,0,0,4,2,
2,1,26,Aviators,Express,Waffle,258,0,0,1,0,
2,1,26,Express,Aviators,Lad,544,2,0,1,6,
2,1,26,Express,Aviators,Flog Pops,343,0,1,1,5,
2,2,26,Aviators,Express,Jdubbz,464,0,2,1,3,
2,2,26,Aviators,Express,Waffle,520,2,0,2,4,
2,2,26,Express,Aviators,Lad,905,3,3,2,5,
2,2,26,Express,Aviators,Flog Pops,1139,5,2,3,6,
2,3,26,Aviators,Express,Jdubbz,394,0,1,3,3,
2,3,26,Aviators,Express,Waffle,268,1,0,0,3,
2,3,26,Express,Aviators,Lad,462,1,2,0,4,
2,3,26,Express,Aviators,Flog Pops,706,3,0,3,6,
2,4,26,Aviators,Express,Jdubbz,248,0,0,2,2,
2,4,26,Aviators,Express,Waffle,372,1,0,1,3,
2,4,26,Express,Aviators,Lad,533,2,1,1,5,
2,4,26,Express,Aviators,Flog Pops,528,1,1,2,3,
2,5,26,Aviators,Express,Jdubbz,784,2,0,5,6,
2,5,26,Aviators,Express,Waffle,464,2,0,1,3,
2,5,26,Express,Aviators,Lad,178,0,0,1,4,
2,5,26,Express,Aviators,Flog Pops,683,2,0,4,5,
2,1,27,Shadow,Hawks,euronate,1027,6,0,1,8,
2,1,27,Shadow,Hawks,Void,731,1,5,1,1,
2,1,27,Hawks,Shadow,Shackelz,429,1,0,2,2,
2,1,27,Hawks,Shadow,Hell,295,0,0,1,3,
2,2,27,Shadow,Hawks,euronate,665,3,1,1,6,
2,2,27,Shadow,Hawks,Void,602,2,2,1,5,
2,2,27,Hawks,Shadow,Shackelz,462,2,0,1,2,
2,2,27,Hawks,Shadow,Hell,309,0,0,2,2,
2,3,27,Shadow,Hawks,euronate,443,1,0,2,3,
2,3,27,Shadow,Hawks,Void,631,3,1,1,4,
2,3,27,Hawks,Shadow,Shackelz,337,0,1,1,3,
2,3,27,Hawks,Shadow,Hell,555,3,0,0,4,
2,4,27,Shadow,Hawks,euronate,1132,6,0,3,8,
2,4,27,Shadow,Hawks,Void,587,2,3,1,2,
2,4,27,Hawks,Shadow,Shackelz,216,0,1,1,3,
2,4,27,Hawks,Shadow,Hell,408,1,0,1,4,
2,5,27,Shadow,Hawks,euronate,627,2,1,2,6,
2,5,27,Shadow,Hawks,Void,272,1,1,0,2,
2,5,27,Hawks,Shadow,Shackelz,603,2,0,3,4,
2,5,27,Hawks,Shadow,Hell,276,0,1,2,2,
2,1,28,Eclipse,Puffins,Ech0,418,0,0,3,1,
2,1,28,Eclipse,Puffins,Krops,417,0,0,5,0,
2,1,28,Puffins,Eclipse,Trent,296,0,0,0,6,
2,1,28,Puffins,Eclipse,SchellRL,282,1,0,0,5,
2,2,28,Eclipse,Puffins,Ech0,374,2,1,0,3,
2,2,28,Eclipse,Puffins,Krops,517,2,0,1,7,
2,2,28,Puffins,Eclipse,Trent,744,3,1,1,5,
2,2,28,Puffins,Eclipse,SchellRL,768,4,3,0,6,
2,3,28,Eclipse,Puffins,Ech0,381,0,2,1,3,
2,3,28,Eclipse,Puffins,Krops,750,3,0,3,6,
2,3,28,Puffins,Eclipse,Trent,663,2,2,3,3,
2,3,28,Puffins,Eclipse,SchellRL,529,2,1,2,4,
2,4,28,Eclipse,Puffins,Ech0,933,3,2,3,5,
2,4,28,Eclipse,Puffins,Krops,525,2,1,0,7,
2,4,28,Puffins,Eclipse,Trent,1049,4,0,5,7,
2,4,28,Puffins,Eclipse,SchellRL,234,0,1,0,1,
2,5,28,Eclipse,Puffins,Ech0,707,1,2,3,4,
2,5,28,Eclipse,Puffins,Krops,680,2,1,4,4,
2,5,28,Puffins,Eclipse,Trent,607,2,0,3,5,
2,5,28,Puffins,Eclipse,SchellRL,338,0,1,2,5,
2,1,29,Comets,Foxes,RapidChampion,283,0,0,1,1,
2,1,29,Comets,Foxes,Badgey,260,0,0,0,5,
2,1,29,Foxes,Comets,Wubby,496,1,2,2,2,
2,1,29,Foxes,Comets,Kat,578,2,0,2,2,
2,2,29,Comets,Foxes,RapidChampion,290,1,0,0,4,
2,2,29,Comets,Foxes,Badgey,333,0,0,2,1,
2,2,29,Foxes,Comets,Wubby,623,2,1,3,3,
2,2,29,Foxes,Comets,Kat,765,3,1,2,4,
2,3,29,Comets,Foxes,RapidChampion,350,1,1,1,2,
2,3,29,Comets,Foxes,Badgey,564,2,1,1,4,
2,3,29,Foxes,Comets,Wubby,699,4,0,0,6,
2,3,29,Foxes,Comets,Kat,451,1,3,0,2,
2,4,29,Comets,Foxes,RapidChampion,498,1,1,2,5,
2,4,29,Comets,Foxes,Badgey,847,5,0,1,6,
2,4,29,Foxes,Comets,Wubby,490,0,1,4,4,
2,4,29,Foxes,Comets,Kat,304,1,0,1,1,
2,5,29,Comets,Foxes,RapidChampion,431,1,0,1,4,
2,5,29,Comets,Foxes,Badgey,240,0,1,1,1,
2,5,29,Foxes,Comets,Wubby,484,2,0,1,4,
2,5,29,Foxes,Comets,Kat,332,0,1,2,2,
2,1,30,Jets,Hive,Phyrexius,1286,8,0,1,8,
2,1,30,Jets,Hive,Icyymike,427,0,4,0,2,
2,1,30,Hive,Jets,Chase,972,4,3,0,6,
2,1,30,Hive,Jets,Vino,773,3,1,2,4,
2,2,30,Jets,Hive,Phyrexius,761,4,0,2,6,
2,2,30,Jets,Hive,Icyymike,466,0,1,3,1,
2,2,30,Hive,Jets,Chase,214,0,0,0,4,
2,2,30,Hive,Jets,Vino,629,2,0,2,6,
2,3,30,Jets,Hive,Phyrexius,405,1,0,2,1,
2,3,30,Jets,Hive,Icyymike,430,0,1,2,4,
2,3,30,Hive,Jets,Chase,434,2,0,0,5,
2,3,30,Hive,Jets,Vino,451,1,1,2,3,
2,4,30,Jets,Hive,Phyrexius,442,1,0,2,4,
2,4,30,Jets,Hive,Icyymike,225,0,0,2,0,
2,4,30,Hive,Jets,Chase,458,1,1,2,5,
2,4,30,Hive,Jets,Vino,565,3,0,1,5,
2,5,30,Jets,Hive,Phyrexius,538,2,1,1,5,
2,5,30,Jets,Hive,Icyymike,394,1,1,2,1,
2,5,30,Hive,Jets,Chase,577,1,1,3,2,
2,5,30,Hive,Jets,Vino,409,1,1,1,3,
2,1,31,Wolves,Spartans,Uhsteve,537,1,0,3,4,
2,1,31,Wolves,Spartans,Haimgame,375,0,0,4,0,
2,1,31,Spartans,Wolves,Cali,502,2,0,2,4,
2,1,31,Spartans,Wolves,Sushii,414,2,0,1,6,
2,2,31,Wolves,Spartans,Uhsteve,972,4,1,4,4,
2,2,31,Wolves,Spartans,Haimgame,713,2,2,3,4,
2,2,31,Spartans,Wolves,Cali,296,0,2,0,5,
2,2,31,Spartans,Wolves,Sushii,466,2,0,0,6,
2,3,31,Wolves,Spartans,Uhsteve,711,2,0,4,3,
2,3,31,Wolves,Spartans,Haimgame,551,1,1,3,2,
2,3,31,Spartans,Wolves,Cali,708,2,2,2,4,
2,3,31,Spartans,Wolves,Sushii,567,2,2,0,6,
2,4,31,Wolves,Spartans,Uhsteve,415,0,1,2,4,
2,4,31,Wolves,Spartans,Haimgame,574,2,0,1,6,
2,4,31,Spartans,Wolves,Cali,313,0,1,2,2,
2,4,31,Spartans,Wolves,Sushii,830,3,0,4,4,
2,5,31,Wolves,Spartans,Uhsteve,415,0,1,2,4,
2,5,31,Wolves,Spartans,Haimgame,574,2,0,1,6,
2,5,31,Spartans,Wolves,Cali,313,0,1,2,2,
2,5,31,Spartans,Wolves,Sushii,830,3,0,4,4,
2,1,32,Ducks,Sharks,Holo,737,3,1,2,6,
2,1,32,Ducks,Sharks,GoldenGomez,637,1,2,3,2,
2,1,32,Sharks,Ducks,GreatGodZeus,458,0,2,3,2,
2,1,32,Sharks,Ducks,Scoobert Doobert,458,2,0,0,6,
2,2,32,Ducks,Sharks,Holo,613,1,1,4,3,
2,2,32,Ducks,Sharks,GoldenGomez,440,2,0,1,3,
2,2,32,Sharks,Ducks,GreatGodZeus,404,1,1,1,5,
2,2,32,Sharks,Ducks,Scoobert Doobert,685,3,1,1,5,
2,3,32,Ducks,Sharks,Holo,537,3,0,0,3,
2,3,32,Ducks,Sharks,GoldenGomez,451,0,1,3,1,
2,3,32,Sharks,Ducks,GreatGodZeus,661,3,1,0,6,
2,3,32,Sharks,Ducks,Scoobert Doobert,566,2,2,1,5,
2,4,32,Ducks,Sharks,Holo,436,0,1,3,2,
2,4,32,Ducks,Sharks,GoldenGomez,276,1,0,0,4,
2,4,32,Sharks,Ducks,GreatGodZeus,486,1,0,2,4,
2,4,32,Sharks,Ducks,Scoobert Doobert,350,1,1,1,3,
2,5,32,Ducks,Sharks,Holo,398,1,1,0,2,
2,5,32,Ducks,Sharks,GoldenGomez,481,1,0,3,1,
2,5,32,Sharks,Ducks,GreatGodZeus,418,1,2,0,3,
2,5,32,Sharks,Ducks,Scoobert Doobert,538,2,0,0,6,
3,1,33,Bears,Sabres,Ryder,380,1,0,1,2,
3,1,33,Bears,Sabres,Kracerlink,278,0,0,0,5,
3,1,33,Sabres,Bears,1AMRamen,584,2,0,2,3,
3,1,33,Sabres,Bears,Big Boi Johnny,385,0,0,3,2,
3,2,33,Bears,Sabres,Ryder,398,1,2,1,3,
3,2,33,Bears,Sabres,Kracerlink,545,3,0,0,8,
3,2,33,Sabres,Bears,1AMRamen,360,1,0,2,4,
3,2,33,Sabres,Bears,Big Boi Johnny,475,0,1,4,1,
3,3,33,Bears,Sabres,Ryder,581,3,0,1,3,
3,3,33,Bears,Sabres,Kracerlink,793,4,2,1,4,
3,3,33,Sabres,Bears,1AMRamen,308,1,0,0,4,
3,3,33,Sabres,Bears,Big Boi Johnny,300,1,1,0,1,
3,4,33,Bears,Sabres,Ryder,473,2,0,1,4,
3,4,33,Bears,Sabres,Kracerlink,422,0,2,2,2,
3,4,33,Sabres,Bears,1AMRamen,382,1,0,2,4,
3,4,33,Sabres,Bears,Big Boi Johnny,236,0,0,1,1,
3,5,33,Bears,Sabres,Ryder,370,2,1,0,3,
3,5,33,Bears,Sabres,Kracerlink,1133,7,1,1,7,
3,5,33,Sabres,Bears,1AMRamen,355,0,2,1,0,
3,5,33,Sabres,Bears,Big Boi Johnny,442,2,0,1,4,
3,1,34,Pirates,Demolition,Tater,780,1,3,4,4,
3,1,34,Pirates,Demolition,RED,748,4,0,2,4,
3,1,34,Demolition,Pirates,Script,520,1,2,2,5,
3,1,34,Demolition,Pirates,Bandicoot,442,2,0,0,6,
3,2,34,Pirates,Demolition,Tater,460,1,2,0,5,
3,2,34,Pirates,Demolition,RED,553,3,0,0,6,
3,2,34,Demolition,Pirates,Script,226,0,0,2,0,
3,2,34,Demolition,Pirates,Bandicoot,302,0,0,2,2,
3,3,34,Pirates,Demolition,Tater,803,4,0,1,8,
3,3,34,Pirates,Demolition,RED,740,2,3,1,5,
3,3,34,Demolition,Pirates,Script,417,0,1,2,1,
3,3,34,Demolition,Pirates,Bandicoot,278,1,0,0,4,
3,4,34,Pirates,Demolition,Tater,836,2,1,3,10,
3,4,34,Pirates,Demolition,RED,420,1,1,1,6,
3,4,34,Demolition,Pirates,Script,508,2,0,1,4,
3,4,34,Demolition,Pirates,Bandicoot,912,2,1,7,5,
3,5,34,Pirates,Demolition,Tater,667,2,1,3,3,
3,5,34,Pirates,Demolition,RED,457,1,2,1,4,
3,5,34,Demolition,Pirates,Script,499,1,1,1,5,
3,5,34,Demolition,Pirates,Bandicoot,316,1,0,1,4,
3,1,35,Outlaws,Rhinos,Peytoneli,535,2,0,2,4,
3,1,35,Outlaws,Rhinos,Saucey,234,0,0,2,1,
3,1,35,Rhinos,Outlaws,Korluss,1111,6,0,2,6,
3,1,35,Rhinos,Outlaws,BadK1dz,456,1,2,1,4,
3,2,35,Outlaws,Rhinos,Peytoneli,496,0,2,2,3,
3,2,35,Outlaws,Rhinos,Saucey,811,4,0,1,5,
3,2,35,Rhinos,Outlaws,Korluss,657,2,0,3,5,
3,2,35,Rhinos,Outlaws,BadK1dz,294,1,0,0,2,
3,3,35,Outlaws,Rhinos,Peytoneli,647,3,1,1,5,
3,3,35,Outlaws,Rhinos,Saucey,541,1,3,0,2,
3,3,35,Rhinos,Outlaws,Korluss,270,1,0,0,2,
3,3,35,Rhinos,Outlaws,BadK1dz,411,1,0,2,1,
3,4,35,Outlaws,Rhinos,Peytoneli,711,2,1,3,2,
3,4,35,Outlaws,Rhinos,Saucey,582,2,1,2,3,
3,4,35,Rhinos,Outlaws,Korluss,516,1,1,2,6,
3,4,35,Rhinos,Outlaws,BadK1dz,458,2,1,0,4,
3,5,35,Outlaws,Rhinos,Peytoneli,524,2,1,0,5,
3,5,35,Outlaws,Rhinos,Saucey,622,2,1,3,4,
3,5,35,Rhinos,Outlaws,Korluss,451,2,0,1,3,
3,5,35,Rhinos,Outlaws,BadK1dz,466,1,1,2,3,
3,1,36,Wizards,Knights,Mixtape,498,1,1,2,1,
3,1,36,Wizards,Knights,KingHaast,362,1,1,1,3,
3,1,36,Knights,Wizards,MikeIsMyIke,875,4,1,3,3,
3,1,36,Knights,Wizards,OGkrish,527,1,3,0,5,
3,2,36,Wizards,Knights,Mixtape,734,2,2,4,6,
3,2,36,Wizards,Knights,KingHaast,474,2,2,0,3,
3,2,36,Knights,Wizards,MikeIsMyIke,886,4,1,3,7,
3,2,36,Knights,Wizards,OGkrish,454,1,2,1,5,
3,3,36,Wizards,Knights,Mixtape,320,1,0,2,3,
3,3,36,Wizards,Knights,KingHaast,248,0,1,1,1,
3,3,36,Knights,Wizards,MikeIsMyIke,559,2,1,2,3,
3,3,36,Knights,Wizards,OGkrish,382,1,2,0,4,
3,4,36,Wizards,Knights,Mixtape,412,1,1,1,6,
3,4,36,Wizards,Knights,KingHaast,455,1,0,3,1,
3,4,36,Knights,Wizards,MikeIsMyIke,682,3,0,2,5,
3,4,36,Knights,Wizards,OGkrish,510,1,2,1,4,
3,5,36,Wizards,Knights,Mixtape,484,1,0,2,3,
3,5,36,Wizards,Knights,KingHaast,472,2,0,1,2,
3,5,36,Knights,Wizards,MikeIsMyIke,500,2,0,1,4,
3,5,36,Knights,Wizards,OGkrish,272,0,1,1,1,
3,1,37,Bulls,Pandas,Vandy_,645,3,2,0,6,
3,1,37,Bulls,Pandas,Moosey,603,3,1,0,5,
3,1,37,Pandas,Bulls,The Law,373,0,0,3,1,
3,1,37,Pandas,Bulls,BlueMars2,198,0,0,1,0,
3,2,37,Bulls,Pandas,Vandy_,476,1,2,0,3,
3,2,37,Bulls,Pandas,Moosey,492,2,1,2,3,
3,2,37,Pandas,Bulls,The Law,194,0,1,0,2,
3,2,37,Pandas,Bulls,BlueMars2,537,2,0,1,3,
3,3,37,Bulls,Pandas,Vandy_,615,2,1,2,6,
3,3,37,Bulls,Pandas,Moosey,578,2,1,2,5,
3,3,37,Pandas,Bulls,The Law,561,2,0,3,3,
3,3,37,Pandas,Bulls,BlueMars2,569,1,2,2,4,
3,4,37,Bulls,Pandas,Vandy_,264,0,0,2,2,
3,4,37,Bulls,Pandas,Moosey,651,3,0,0,5,
3,4,37,Pandas,Bulls,The Law,366,1,1,0,2,
3,4,37,Pandas,Bulls,BlueMars2,516,1,1,2,5,
3,5,37,Bulls,Pandas,Vandy_,706,3,0,3,5,
3,5,37,Bulls,Pandas,Moosey,305,0,1,2,4,
3,5,37,Pandas,Bulls,The Law,507,2,0,2,6,
3,5,37,Pandas,Bulls,BlueMars2,283,0,0,3,1,
3,1,38,Elite,Tyrants,hazelnutlatte,721,3,0,2,3,
3,1,38,Elite,Tyrants,Xeia,388,0,2,2,2,
3,1,38,Tyrants,Elite,Majik,761,4,1,1,6,
3,1,38,Tyrants,Elite,TruSolja,483,1,2,1,5,
3,2,38,Elite,Tyrants,hazelnutlatte,536,1,1,3,2,
3,2,38,Elite,Tyrants,Xeia,308,1,1,0,2,
3,2,38,Tyrants,Elite,Majik,294,1,0,0,4,
3,2,38,Tyrants,Elite,TruSolja,283,0,0,1,2,
3,3,38,Elite,Tyrants,hazelnutlatte,344,1,0,1,1,
3,3,38,Elite,Tyrants,Xeia,230,0,1,0,2,
3,3,38,Tyrants,Elite,Majik,853,5,0,1,6,
3,3,38,Tyrants,Elite,TruSolja,569,1,4,0,2,
3,4,38,Elite,Tyrants,hazelnutlatte,486,2,0,2,4,
3,4,38,Elite,Tyrants,Xeia,384,0,2,1,3,
3,4,38,Tyrants,Elite,Majik,447,0,2,2,3,
3,4,38,Tyrants,Elite,TruSolja,642,3,0,1,4,
3,5,38,Elite,Tyrants,hazelnutlatte,758,2,3,2,3,
3,5,38,Elite,Tyrants,Xeia,760,3,1,2,5,
3,5,38,Tyrants,Elite,Majik,725,4,0,0,7,
3,5,38,Tyrants,Elite,TruSolja,300,0,1,1,2,
3,1,39,Hurricanes,Dodgers,Aether,454,0,0,3,4,
3,1,39,Hurricanes,Dodgers,Ondo,292,0,0,2,0,
3,1,39,Dodgers,Hurricanes,Minamacky,514,1,0,2,7,
3,1,39,Dodgers,Hurricanes,furphy,392,1,0,2,3,
3,2,39,Hurricanes,Dodgers,Aether,718,3,1,2,4,
3,2,39,Hurricanes,Dodgers,Ondo,312,1,0,1,3,
3,2,39,Dodgers,Hurricanes,Minamacky,947,5,2,0,7,
3,2,39,Dodgers,Hurricanes,furphy,852,3,5,1,9,
3,3,39,Hurricanes,Dodgers,Aether,789,2,1,1,5,
3,3,39,Hurricanes,Dodgers,Ondo,439,1,1,2,2,
3,3,39,Dodgers,Hurricanes,Minamacky,739,2,0,3,4,
3,3,39,Dodgers,Hurricanes,furphy,367,0,1,1,3,
3,4,39,Hurricanes,Dodgers,Aether,369,1,0,1,1,
3,4,39,Hurricanes,Dodgers,Ondo,239,0,0,1,1,
3,4,39,Dodgers,Hurricanes,Minamacky,807,4,2,0,7,
3,4,39,Dodgers,Hurricanes,furphy,719,3,2,1,6,
3,5,39,Hurricanes,Dodgers,Aether,444,0,0,3,3,
3,5,39,Hurricanes,Dodgers,Ondo,498,0,0,4,2,
3,5,39,Dodgers,Hurricanes,Minamacky,1018,5,0,3,8,
3,5,39,Dodgers,Hurricanes,furphy,362,1,0,1,6,
3,1,40,Spectre,Flames,MonsterJamers,192,0,0,1,2,
3,1,40,Spectre,Flames,Mythonian,466,0,0,0,1,
3,1,40,Flames,Spectre,Bones,336,1,0,0,4,
3,1,40,Flames,Spectre,iP JoKeR,475,1,1,3,2,
3,2,40,Spectre,Flames,MonsterJamers,242,0,1,0,2,
3,2,40,Spectre,Flames,Mythonian,416,2,0,0,4,
3,2,40,Flames,Spectre,Bones,464,1,0,2,2,
3,2,40,Flames,Spectre,iP JoKeR,162,0,1,3,1,
3,3,40,Spectre,Flames,MonsterJamers,196,0,2,0,2,
3,3,40,Spectre,Flames,Mythonian,448,2,0,1,6,
3,3,40,Flames,Spectre,Bones,642,3,1,1,3,
3,3,40,Flames,Spectre,iP JoKeR,728,1,3,4,3,
3,4,40,Spectre,Flames,MonsterJamers,707,2,2,3,3,
3,4,40,Spectre,Flames,Mythonian,463,2,1,1,4,
3,4,40,Flames,Spectre,Bones,499,3,0,0,4,
3,4,40,Flames,Spectre,iP JoKeR,633,0,3,3,6,
3,5,40,Spectre,Flames,MonsterJamers,386,1,1,1,3,
3,5,40,Spectre,Flames,Mythonian,509,1,1,3,1,
3,5,40,Flames,Spectre,Bones,552,2,2,1,5,
3,5,40,Flames,Spectre,iP JoKeR,619,3,1,0,5,
3,1,41,Blizzard,Express,Icey6,673,2,3,1,5,
3,1,41,Blizzard,Express,Koalemos,749,3,1,2,6,
3,1,41,Express,Blizzard,Manatee,650,2,0,4,3,
3,1,41,Express,Blizzard,Flog Pops,453,0,1,3,2,
3,2,41,Blizzard,Express,Icey6,548,2,0,3,3,
3,2,41,Blizzard,Express,Koalemos,581,2,0,2,3,
3,2,41,Express,Blizzard,Manatee,376,1,1,1,5,
3,2,41,Express,Blizzard,Flog Pops,456,1,1,2,2,
3,3,41,Blizzard,Express,Icey6,500,1,1,1,4,
3,3,41,Blizzard,Express,Koalemos,460,2,0,1,3,
3,3,41,Express,Blizzard,Manatee,242,0,0,0,0,
3,3,41,Express,Blizzard,Flog Pops,432,0,0,3,2,
3,4,41,Blizzard,Express,Icey6,474,2,0,2,5,
3,4,41,Blizzard,Express,Koalemos,482,0,0,3,7,
3,4,41,Express,Blizzard,Manatee,320,0,1,1,4,
3,4,41,Express,Blizzard,Flog Pops,639,1,0,5,2,
3,5,41,Blizzard,Express,Icey6,441,0,1,4,2,
3,5,41,Blizzard,Express,Koalemos,392,1,0,1,4,
3,5,41,Express,Blizzard,Manatee,470,1,0,2,4,
3,5,41,Express,Blizzard,Flog Pops,487,1,1,3,3,
3,1,42,Aviators,Lightning,Fllassh,688,2,1,3,7,
3,1,42,Aviators,Lightning,Jdubbz,530,1,2,1,4,
3,1,42,Lightning,Aviators,Sough,486,1,1,2,4,
3,1,42,Lightning,Aviators,tehblister,480,1,0,4,2,
3,2,42,Aviators,Lightning,Fllassh,658,2,2,1,4,
3,2,42,Aviators,Lightning,Jdubbz,582,3,0,1,7,
3,2,42,Lightning,Aviators,Sough,738,2,1,4,3,
3,2,42,Lightning,Aviators,tehblister,284,1,0,1,2,
3,3,42,Aviators,Lightning,Fllassh,187,0,2,1,1,
3,3,42,Aviators,Lightning,Jdubbz,795,4,0,2,7,
3,3,42,Lightning,Aviators,Sough,523,1,1,3,3,
3,3,42,Lightning,Aviators,tehblister,348,1,1,1,2,
3,4,42,Aviators,Lightning,Fllassh,1120,4,1,4,6,
3,4,42,Aviators,Lightning,Jdubbz,292,1,0,2,1,
3,4,42,Lightning,Aviators,Sough,619,1,3,1,7,
3,4,42,Lightning,Aviators,tehblister,736,3,1,2,6,
3,5,42,Aviators,Lightning,Fllassh,607,2,0,4,1,
3,5,42,Aviators,Lightning,Jdubbz,727,3,1,1,6,
3,5,42,Lightning,Aviators,Sough,449,1,0,1,5,
3,5,42,Lightning,Aviators,tehblister,156,0,0,0,1,
3,1,43,Shadow,Puffins,Thunder,569,2,0,2,6,
3,1,43,Shadow,Puffins,Void,273,0,0,2,0,
3,1,43,Puffins,Shadow,BazedN,671,3,2,1,6,
3,1,43,Puffins,Shadow,Trent,620,2,2,1,4,
3,2,43,Shadow,Puffins,Thunder,421,1,0,2,2,
3,2,43,Shadow,Puffins,Void,583,2,0,2,5,
3,2,43,Puffins,Shadow,BazedN,269,0,0,1,2,
3,2,43,Puffins,Shadow,Trent,220,0,0,1,3,
3,3,43,Shadow,Puffins,Thunder,438,2,0,0,4,
3,3,43,Shadow,Puffins,Void,222,0,0,1,2,
3,3,43,Puffins,Shadow,BazedN,464,1,1,2,1,
3,3,43,Puffins,Shadow,Trent,547,2,1,1,3,
3,4,43,Shadow,Puffins,Thunder,352,0,0,2,1,
3,4,43,Shadow,Puffins,Void,254,1,0,0,1,
3,4,43,Puffins,Shadow,BazedN,442,1,1,1,3,
3,4,43,Puffins,Shadow,Trent,320,1,0,0,2,
3,5,43,Shadow,Puffins,Thunder,300,0,1,1,5,
3,5,43,Shadow,Puffins,Void,341,1,0,3,1,
3,5,43,Puffins,Shadow,BazedN,825,4,0,2,6,
3,5,43,Puffins,Shadow,Trent,548,2,1,1,4,
3,1,44,Eclipse,Hawks,Ech0,355,0,1,2,1,
3,1,44,Eclipse,Hawks,Lil Q,671,3,0,2,4,
3,1,44,Hawks,Eclipse,Zair,302,0,1,0,3,
3,1,44,Hawks,Eclipse,Hell,260,1,0,0,2,
3,2,44,Eclipse,Hawks,Ech0,751,3,0,3,4,
3,2,44,Eclipse,Hawks,Lil Q,240,0,1,0,0,
3,2,44,Hawks,Eclipse,Zair,540,2,0,2,6,
3,2,44,Hawks,Eclipse,Hell,276,0,1,0,4,
3,3,44,Eclipse,Hawks,Ech0,438,1,2,1,2,
3,3,44,Eclipse,Hawks,Lil Q,577,2,1,2,5,
3,3,44,Hawks,Eclipse,Zair,236,0,0,1,2,
3,3,44,Hawks,Eclipse,Hell,222,0,0,1,1,
3,4,44,Eclipse,Hawks,Ech0,534,2,0,3,2,
3,4,44,Eclipse,Hawks,Lil Q,833,4,2,0,5,
3,4,44,Hawks,Eclipse,Zair,480,2,1,0,4,
3,4,44,Hawks,Eclipse,Hell,350,1,1,1,3,
3,5,44,Eclipse,Hawks,Ech0,542,2,0,2,4,
3,5,44,Eclipse,Hawks,Lil Q,327,0,1,1,3,
3,5,44,Hawks,Eclipse,Zair,603,2,1,1,6,
3,5,44,Hawks,Eclipse,Hell,579,1,1,3,3,
3,1,45,Comets,Hive,Thunderbug95,442,2,0,0,5,
3,1,45,Comets,Hive,Badgey,268,0,1,0,4,
3,1,45,Hive,Comets,Vino,635,2,2,2,5,
3,1,45,Hive,Comets,Chase,543,2,0,2,2,
3,2,45,Comets,Hive,Thunderbug95,340,1,1,0,2,
3,2,45,Comets,Hive,Badgey,489,1,1,2,2,
3,2,45,Hive,Comets,Vino,779,5,0,0,7,
3,2,45,Hive,Comets,Chase,661,0,4,3,1,
3,3,45,Comets,Hive,Thunderbug95,294,1,0,0,2,
3,3,45,Comets,Hive,Badgey,477,0,1,4,3,
3,3,45,Hive,Comets,Vino,672,2,3,1,6,
3,3,45,Hive,Comets,Chase,801,3,2,2,5,
3,4,45,Comets,Hive,Thunderbug95,609,3,1,0,6,
3,4,45,Comets,Hive,Badgey,1131,5,3,2,6,
3,4,45,Hive,Comets,Vino,504,0,2,4,1,
3,4,45,Hive,Comets,Chase,466,2,0,1,5,
3,5,45,Comets,Hive,Thunderbug95,434,2,0,1,4,
3,5,45,Comets,Hive,Badgey,295,0,1,1,3,
3,5,45,Hive,Comets,Vino,524,2,1,2,6,
3,5,45,Hive,Comets,Chase,581,1,2,2,4,
3,1,46,Jets,Foxes,Phyrexius,426,1,0,1,5,
3,1,46,Jets,Foxes,Rushy,330,0,1,1,1,
3,1,46,Foxes,Jets,Wubby,578,1,2,2,3,
3,1,46,Foxes,Jets,Kat,488,2,1,1,4,
3,2,46,Jets,Foxes,Phyrexius,409,1,1,2,2,
3,2,46,Jets,Foxes,Rushy,492,1,1,2,3,
3,2,46,Foxes,Jets,Wubby,381,1,1,1,5,
3,2,46,Foxes,Jets,Kat,667,3,1,0,5,
3,3,46,Jets,Foxes,Phyrexius,583,3,0,2,4,
3,3,46,Jets,Foxes,Rushy,597,2,0,3,2,
3,3,46,Foxes,Jets,Wubby,490,2,1,0,4,
3,3,46,Foxes,Jets,Kat,533,1,1,2,5,
3,4,46,Jets,Foxes,Phyrexius,512,2,2,0,2,
3,4,46,Jets,Foxes,Rushy,572,2,0,2,4,
3,4,46,Foxes,Jets,Wubby,606,3,0,1,6,
3,4,46,Foxes,Jets,Kat,381,0,3,0,1,
3,5,46,Jets,Foxes,Phyrexius,449,1,1,1,2,
3,5,46,Jets,Foxes,Rushy,298,1,0,0,4,
3,5,46,Foxes,Jets,Wubby,384,1,0,2,3,
3,5,46,Foxes,Jets,Kat,351,0,1,1,1,
3,1,47,Wolves,Sharks,Uhsteve,759,1,0,6,5,
3,1,47,Wolves,Sharks,Wray,142,0,0,0,2,
3,1,47,Sharks,Wolves,GreatGodZeus,740,2,2,2,5,
3,1,47,Sharks,Wolves,Grizz1y,498,2,1,1,6,
3,2,47,Wolves,Sharks,Uhsteve,664,2,1,2,4,
3,2,47,Wolves,Sharks,Wray,472,1,2,1,2,
3,2,47,Sharks,Wolves,GreatGodZeus,363,0,0,3,0,
3,2,47,Sharks,Wolves,Grizz1y,370,2,0,0,5,
3,3,47,Wolves,Sharks,Uhsteve,546,2,0,1,3,
3,3,47,Wolves,Sharks,Wray,344,1,1,1,4,
3,3,47,Sharks,Wolves,GreatGodZeus,130,0,0,0,0,
3,3,47,Sharks,Wolves,Grizz1y,610,1,0,4,3,
3,4,47,Wolves,Sharks,Uhsteve,527,2,0,3,3,
3,4,47,Wolves,Sharks,Wray,360,1,0,2,3,
3,4,47,Sharks,Wolves,GreatGodZeus,691,4,0,0,7,
3,4,47,Sharks,Wolves,Grizz1y,488,1,2,2,4,
3,5,47,Wolves,Sharks,Uhsteve,491,1,0,4,4,
3,5,47,Wolves,Sharks,Wray,316,0,1,1,1,
3,5,47,Sharks,Wolves,GreatGodZeus,540,1,0,3,3,
3,5,47,Sharks,Wolves,Grizz1y,440,2,0,0,6,
3,1,48,Ducks,Spartans,Rolamin,535,2,0,2,2,
3,1,48,Ducks,Spartans,Holo,479,1,2,2,1,
3,1,48,Spartans,Ducks,Cali,364,2,0,0,6,
3,1,48,Spartans,Ducks,Jeremazing,240,0,1,0,1,
3,2,48,Ducks,Spartans,Rolamin,516,0,2,2,2,
3,2,48,Ducks,Spartans,Holo,484,2,0,2,3,
3,2,48,Spartans,Ducks,Cali,527,1,0,2,3,
3,2,48,Spartans,Ducks,Jeremazing,224,0,0,0,2,
3,3,48,Ducks,Spartans,Rolamin,474,1,0,1,4,
3,3,48,Ducks,Spartans,Holo,565,2,0,2,2,
3,3,48,Spartans,Ducks,Cali,564,2,1,1,4,
3,3,48,Spartans,Ducks,Jeremazing,575,2,0,2,6,
3,4,48,Ducks,Spartans,Rolamin,576,1,2,3,4,
3,4,48,Ducks,Spartans,Holo,657,3,1,0,8,
3,4,48,Spartans,Ducks,Cali,244,0,0,2,3,
3,4,48,Spartans,Ducks,Jeremazing,265,0,0,2,1,
3,5,48,Ducks,Spartans,Rolamin,489,1,0,2,3,
3,5,48,Ducks,Spartans,Holo,617,3,0,1,5,
3,5,48,Spartans,Ducks,Cali,356,0,0,3,3,
3,5,48,Spartans,Ducks,Jeremazing,406,1,0,1,3,
4,1,49,Bears,Wizards,Kracerlink,1054,5,2,2,10,
4,1,49,Bears,Wizards,Water,876,4,3,0,7,
4,1,49,Wizards,Bears,KingHaast,587,2,1,2,2,
4,1,49,Wizards,Bears,Jimmer,580,2,1,2,4,
4,2,49,Bears,Wizards,Kracerlink,434,2,0,0,5,
4,2,49,Bears,Wizards,Water,673,3,2,0,4,
4,2,49,Wizards,Bears,KingHaast,441,1,0,2,1,
4,2,49,Wizards,Bears,Jimmer,442,1,0,2,1,
4,3,49,Bears,Wizards,Kracerlink,888,3,2,3,7,
4,3,49,Bears,Wizards,Water,712,2,2,2,3,
4,3,49,Wizards,Bears,KingHaast,632,1,1,3,4,
4,3,49,Wizards,Bears,Jimmer,650,3,0,2,4,
4,4,49,Bears,Wizards,Kracerlink,714,3,2,1,5,
4,4,49,Bears,Wizards,Water,614,2,2,2,3,
4,4,49,Wizards,Bears,KingHaast,489,1,1,3,4,
4,4,49,Wizards,Bears,Jimmer,496,2,1,0,2,
4,5,49,Bears,Wizards,Kracerlink,1044,5,1,3,9,
4,5,49,Bears,Wizards,Water,776,5,3,1,5,
4,5,49,Wizards,Bears,KingHaast,345,1,1,1,2,
4,5,49,Wizards,Bears,Jimmer,599,3,0,1,6,
4,1,50,Pirates,Outlaws,Tater,305,0,0,2,2,
4,1,50,Pirates,Outlaws,RED,284,1,0,1,4,
4,1,50,Outlaws,Pirates,Saucey,455,1,0,2,4,
4,1,50,Outlaws,Pirates,Peytoneli,350,1,1,1,2,
4,2,50,Pirates,Outlaws,Tater,439,1,1,2,2,
4,2,50,Pirates,Outlaws,RED,583,2,0,2,3,
4,2,50,Outlaws,Pirates,Saucey,414,0,2,0,6,
4,2,50,Outlaws,Pirates,Peytoneli,488,2,0,2,5,
4,3,50,Pirates,Outlaws,Tater,559,2,1,2,7,
4,3,50,Pirates,Outlaws,RED,665,3,2,0,4,
4,3,50,Outlaws,Pirates,Saucey,706,2,0,4,3,
4,3,50,Outlaws,Pirates,Peytoneli,341,0,2,2,2,
4,4,50,Pirates,Outlaws,Tater,460,2,0,1,5,
4,4,50,Pirates,Outlaws,RED,478,1,2,2,5,
4,4,50,Outlaws,Pirates,Saucey,883,3,2,3,4,
4,4,50,Outlaws,Pirates,Peytoneli,600,2,1,2,4,
4,5,50,Pirates,Outlaws,Tater,693,3,1,2,4,
4,5,50,Pirates,Outlaws,RED,622,1,2,4,2,
4,5,50,Outlaws,Pirates,Saucey,764,3,1,1,7,
4,5,50,Outlaws,Pirates,Peytoneli,611,3,2,1,4,
4,1,51,Demolition,Rhinos,CinderBlock,242,0,0,0,4,
4,1,51,Demolition,Rhinos,Bandicoot,136,0,0,0,1,
4,1,51,Rhinos,Demolition,Fluffy_Eagle,549,1,2,3,3,
4,1,51,Rhinos,Demolition,kcscrag,505,2,0,1,2,
4,2,51,Demolition,Rhinos,CinderBlock,366,1,0,1,3,
4,2,51,Demolition,Rhinos,Bandicoot,453,0,1,3,2,
4,2,51,Rhinos,Demolition,Fluffy_Eagle,291,0,0,1,2,
4,2,51,Rhinos,Demolition,kcscrag,533,2,0,1,5,
4,3,51,Demolition,Rhinos,CinderBlock,757,4,0,1,4,
4,3,51,Demolition,Rhinos,Bandicoot,367,0,3,0,0,
4,3,51,Rhinos,Demolition,Fluffy_Eagle,434,2,0,0,3,
4,3,51,Rhinos,Demolition,kcscrag,408,1,1,0,1,
4,4,51,Demolition,Rhinos,CinderBlock,298,1,0,1,2,
4,4,51,Demolition,Rhinos,Bandicoot,354,1,0,1,2,
4,4,51,Rhinos,Demolition,Fluffy_Eagle,456,2,0,1,5,
4,4,51,Rhinos,Demolition,kcscrag,415,1,2,1,2,
4,5,51,Demolition,Rhinos,CinderBlock,752,3,2,1,7,
4,5,51,Demolition,Rhinos,Bandicoot,1000,5,1,2,7,
4,5,51,Rhinos,Demolition,Fluffy_Eagle,381,0,0,3,2,
4,5,51,Rhinos,Demolition,kcscrag,400,0,0,3,1,
4,1,52,Sabres,Knights,1AMRamen,410,1,0,1,4,
4,1,52,Sabres,Knights,K3v,648,2,0,3,3,
4,1,52,Knights,Sabres,Beninemm,348,0,0,1,2,
4,1,52,Knights,Sabres,OGkrish,390,0,0,2,2,
4,2,52,Sabres,Knights,1AMRamen,605,1,1,4,2,
4,2,52,Sabres,Knights,K3v,484,2,1,0,3,
4,2,52,Knights,Sabres,Beninemm,603,2,3,0,6,
4,2,52,Knights,Sabres,OGkrish,810,3,2,2,5,
4,3,52,Sabres,Knights,1AMRamen,374,1,0,1,1,
4,3,52,Sabres,Knights,K3v,243,0,0,2,3,
4,3,52,Knights,Sabres,Beninemm,506,2,1,1,3,
4,3,52,Knights,Sabres,OGkrish,454,2,1,1,5,
4,4,52,Sabres,Knights,1AMRamen,271,0,0,1,0,
4,4,52,Sabres,Knights,K3v,290,1,0,1,3,
4,4,52,Knights,Sabres,Beninemm,214,0,1,1,1,
4,4,52,Knights,Sabres,OGkrish,685,4,0,0,7,
4,5,52,Sabres,Knights,1AMRamen,552,1,2,2,2,
4,5,52,Sabres,Knights,K3v,792,4,0,2,5,
4,5,52,Knights,Sabres,Beninemm,697,4,1,0,5,
4,5,52,Knights,Sabres,OGkrish,633,2,1,2,5,
4,1,53,Bulls,Spectre,Lightning ,490,2,1,1,5,
4,1,53,Bulls,Spectre,Vandy_,479,3,0,0,4,
4,1,53,Spectre,Bulls,MonsterJamers,430,2,0,1,2,
4,1,53,Spectre,Bulls,Mythonian,186,0,1,0,1,
4,2,53,Bulls,Spectre,Lightning ,380,1,2,0,5,
4,2,53,Bulls,Spectre,Vandy_,515,2,0,1,5,
4,2,53,Spectre,Bulls,MonsterJamers,357,0,1,2,1,
4,2,53,Spectre,Bulls,Mythonian,308,1,0,0,2,
4,3,53,Bulls,Spectre,Lightning ,372,2,1,0,3,
4,3,53,Bulls,Spectre,Vandy_,609,2,1,1,7,
4,3,53,Spectre,Bulls,MonsterJamers,327,0,1,2,0,
4,3,53,Spectre,Bulls,Mythonian,962,5,0,2,6,
4,4,53,Bulls,Spectre,Lightning ,264,1,1,0,1,
4,4,53,Bulls,Spectre,Vandy_,553,2,1,1,5,
4,4,53,Spectre,Bulls,MonsterJamers,290,0,1,1,1,
4,4,53,Spectre,Bulls,Mythonian,625,4,0,1,5,
4,5,53,Bulls,Spectre,Lightning ,324,1,0,1,3,
4,5,53,Bulls,Spectre,Vandy_,420,1,1,0,4,
4,5,53,Spectre,Bulls,MonsterJamers,348,0,1,2,0,
4,5,53,Spectre,Bulls,Mythonian,618,3,0,1,4,
4,1,54,Elite,Hurricanes,Demonic,346,0,1,2,1,
4,1,54,Elite,Hurricanes,hazelnutlatte,756,2,0,3,5,
4,1,54,Hurricanes,Elite,Aether,832,3,0,2,6,
4,1,54,Hurricanes,Elite,AcePocket,607,0,3,2,3,
4,2,54,Elite,Hurricanes,Demonic,813,2,1,3,4,
4,2,54,Elite,Hurricanes,hazelnutlatte,462,1,2,2,1,
4,2,54,Hurricanes,Elite,Aether,425,0,1,1,3,
4,2,54,Hurricanes,Elite,AcePocket,792,4,0,2,5,
4,3,54,Elite,Hurricanes,Demonic,819,4,0,2,5,
4,3,54,Elite,Hurricanes,hazelnutlatte,238,0,1,1,1,
4,3,54,Hurricanes,Elite,Aether,551,2,1,1,5,
4,3,54,Hurricanes,Elite,AcePocket,782,3,2,2,3,
4,4,54,Elite,Hurricanes,Demonic,450,1,1,1,5,
4,4,54,Elite,Hurricanes,hazelnutlatte,359,1,1,1,2,
4,4,54,Hurricanes,Elite,Aether,414,2,0,0,2,
4,4,54,Hurricanes,Elite,AcePocket,868,3,0,4,4,
4,5,54,Elite,Hurricanes,Demonic,422,0,0,3,2,
4,5,54,Elite,Hurricanes,hazelnutlatte,517,2,0,1,6,
4,5,54,Hurricanes,Elite,Aether,517,1,0,4,2,
4,5,54,Hurricanes,Elite,AcePocket,496,2,0,1,5,
4,1,55,Tyrants,Dodgers,alex5050,621,2,1,2,7,
4,1,55,Tyrants,Dodgers,TruSolja,276,1,0,0,3,
4,1,55,Dodgers,Tyrants,Minamacky,446,2,0,1,4,
4,1,55,Dodgers,Tyrants,InanimateJ,441,0,0,3,1,
4,2,55,Tyrants,Dodgers,alex5050,410,1,1,2,4,
4,2,55,Tyrants,Dodgers,TruSolja,444,2,1,0,5,
4,2,55,Dodgers,Tyrants,Minamacky,389,1,0,2,2,
4,2,55,Dodgers,Tyrants,InanimateJ,385,0,1,2,2,
4,3,55,Tyrants,Dodgers,alex5050,497,1,0,2,6,
4,3,55,Tyrants,Dodgers,TruSolja,382,1,0,2,3,
4,3,55,Dodgers,Tyrants,Minamacky,757,2,0,4,3,
4,3,55,Dodgers,Tyrants,InanimateJ,562,1,2,2,5,
4,4,55,Tyrants,Dodgers,alex5050,414,1,0,1,4,
4,4,55,Tyrants,Dodgers,TruSolja,389,1,0,2,4,
4,4,55,Dodgers,Tyrants,Minamacky,289,1,2,3,2,
4,4,55,Dodgers,Tyrants,InanimateJ,827,4,0,2,6,
4,5,55,Tyrants,Dodgers,alex5050,334,1,0,1,2,
4,5,55,Tyrants,Dodgers,TruSolja,355,0,1,1,5,
4,5,55,Dodgers,Tyrants,Minamacky,820,3,2,2,5,
4,5,55,Dodgers,Tyrants,InanimateJ,882,3,1,3,5,
4,1,56,Pandas,Flames,BlueMars2,514,2,1,0,3,
4,1,56,Pandas,Flames,Pomwonderful,394,1,1,2,5,
4,1,56,Flames,Pandas,Bones,394,0,1,2,4,
4,1,56,Flames,Pandas,Fittz,354,1,0,2,2,
4,2,56,Pandas,Flames,BlueMars2,325,1,0,1,2,
4,2,56,Pandas,Flames,Pomwonderful,524,1,1,2,5,
4,2,56,Flames,Pandas,Bones,809,3,0,3,5,
4,2,56,Flames,Pandas,Fittz,407,1,2,1,1,
4,3,56,Pandas,Flames,BlueMars2,367,0,0,2,3,
4,3,56,Pandas,Flames,Pomwonderful,404,2,0,1,1,
4,3,56,Flames,Pandas,Bones,525,2,0,1,4,
4,3,56,Flames,Pandas,Fittz,270,1,0,1,2,
4,4,56,Pandas,Flames,BlueMars2,443,0,1,2,1,
4,4,56,Pandas,Flames,Pomwonderful,572,3,0,1,4,
4,4,56,Flames,Pandas,Bones,360,1,0,0,6,
4,4,56,Flames,Pandas,Fittz,338,1,1,1,2,
4,5,56,Pandas,Flames,BlueMars2,480,2,0,1,4,
4,5,56,Pandas,Flames,Pomwonderful,318,0,2,1,3,
4,5,56,Flames,Pandas,Bones,714,3,0,2,5,
4,5,56,Flames,Pandas,Fittz,459,1,2,2,1,
4,1,57,Blizzard,Hawks,Jroja,384,2,0,0,5,
4,1,57,Blizzard,Hawks,Koalemos,472,1,1,2,3,
4,1,57,Hawks,Blizzard,Hell,657,3,0,2,3,
4,1,57,Hawks,Blizzard,Zair,731,1,2,3,4,
4,2,57,Blizzard,Hawks,Jroja,575,2,1,1,5,
4,2,57,Blizzard,Hawks,Koalemos,600,2,1,2,3,
4,2,57,Hawks,Blizzard,Hell,412,1,0,1,3,
4,2,57,Hawks,Blizzard,Zair,337,0,0,3,2,
4,3,57,Blizzard,Hawks,Jroja,341,0,0,3,3,
4,3,57,Blizzard,Hawks,Koalemos,434,1,0,1,6,
4,3,57,Hawks,Blizzard,Hell,860,3,1,4,7,
4,3,57,Hawks,Blizzard,Zair,725,2,3,2,5,
4,4,57,Blizzard,Hawks,Jroja,955,3,1,4,4,
4,4,57,Blizzard,Hawks,Koalemos,829,2,3,1,6,
4,4,57,Hawks,Blizzard,Hell,660,0,3,3,4,
4,4,57,Hawks,Blizzard,Zair,982,4,0,2,7,
4,5,57,Blizzard,Hawks,Jroja,429,0,0,3,2,
4,5,57,Blizzard,Hawks,Koalemos,294,1,0,0,1,
4,5,57,Hawks,Blizzard,Hell,647,3,0,1,5,
4,5,57,Hawks,Blizzard,Zair,320,1,1,0,2,
4,1,58,Aviators,Puffins,Fllassh,388,1,1,1,3,
4,1,58,Aviators,Puffins,007Bondo,485,1,1,3,1,
4,1,58,Puffins,Aviators,SchellRL,619,3,1,0,7,
4,1,58,Puffins,Aviators,BazedN,441,1,1,1,4,
4,2,58,Aviators,Puffins,Fllassh,234,0,0,1,3,
4,2,58,Aviators,Puffins,007Bondo,214,0,0,1,4,
4,2,58,Puffins,Aviators,SchellRL,398,0,1,3,1,
4,2,58,Puffins,Aviators,BazedN,529,2,0,2,3,
4,3,58,Aviators,Puffins,Fllassh,331,0,0,2,2,
4,3,58,Aviators,Puffins,007Bondo,134,0,0,1,1,
4,3,58,Puffins,Aviators,SchellRL,1347,9,0,1,10,
4,3,58,Puffins,Aviators,BazedN,713,0,7,1,3,
4,4,58,Aviators,Puffins,Fllassh,50,0,0,0,1,x
4,4,58,Aviators,Puffins,007Bondo,50,0,0,0,1,x
4,4,58,Puffins,Aviators,SchellRL,150,1,1,1,1,x
4,4,58,Puffins,Aviators,BazedN,150,1,1,1,1,x
4,5,58,Aviators,Puffins,Fllassh,50,0,0,0,1,x
4,5,58,Aviators,Puffins,007Bondo,50,0,0,0,1,x
4,5,58,Puffins,Aviators,SchellRL,150,1,1,1,1,x
4,5,58,Puffins,Aviators,BazedN,150,1,1,1,1,x
4,1,59,Shadow,Lightning,euronate,370,0,0,3,3,
4,1,59,Shadow,Lightning,Void,219,0,0,1,2,
4,1,59,Lightning,Shadow,Sough,928,3,2,3,5,
4,1,59,Lightning,Shadow,Magnus,655,2,1,3,5,
4,2,59,Shadow,Lightning,euronate,487,2,0,1,5,
4,2,59,Shadow,Lightning,Void,504,0,2,3,3,
4,2,59,Lightning,Shadow,Sough,767,2,1,3,5,
4,2,59,Lightning,Shadow,Magnus,416,1,2,1,3,
4,3,59,Shadow,Lightning,euronate,848,3,2,2,6,
4,3,59,Shadow,Lightning,Void,583,3,1,1,2,
4,3,59,Lightning,Shadow,Sough,435,2,0,1,3,
4,3,59,Lightning,Shadow,Magnus,196,0,0,0,1,
4,4,59,Shadow,Lightning,euronate,1083,4,0,4,12,
4,4,59,Shadow,Lightning,Void,745,2,0,3,9,
4,4,59,Lightning,Shadow,Sough,1556,5,0,9,7,
4,4,59,Lightning,Shadow,Magnus,541,0,3,2,4,
4,5,59,Shadow,Lightning,euronate,935,4,2,3,6,
4,5,59,Shadow,Lightning,Void,608,2,2,1,8,
4,5,59,Lightning,Shadow,Sough,818,2,1,6,4,
4,5,59,Lightning,Shadow,Magnus,410,2,0,1,4,
4,1,60,Eclipse,Express,Lil Q,709,3,2,0,5,
4,1,60,Eclipse,Express,Krops,637,2,2,2,5,
4,1,60,Express,Eclipse,Manatee,307,0,0,3,2,
4,1,60,Express,Eclipse,Lad,214,0,0,1,1,
4,2,60,Eclipse,Express,Lil Q,336,1,1,0,4,
4,2,60,Eclipse,Express,Krops,374,1,1,0,5,
4,2,60,Express,Eclipse,Manatee,314,1,1,1,2,
4,2,60,Express,Eclipse,Lad,598,2,0,3,3,
4,3,60,Eclipse,Express,Lil Q,857,4,0,2,6,
4,3,60,Eclipse,Express,Krops,364,1,1,1,2,
4,3,60,Express,Eclipse,Manatee,464,1,1,1,5,
4,3,60,Express,Eclipse,Lad,342,1,0,1,3,
4,4,60,Eclipse,Express,Lil Q,720,2,2,3,7,
4,4,60,Eclipse,Express,Krops,535,2,0,2,7,
4,4,60,Express,Eclipse,Manatee,667,2,0,4,5,
4,4,60,Express,Eclipse,Lad,1031,3,2,5,8,
4,5,60,Eclipse,Express,Lil Q,376,1,0,1,1,
4,5,60,Eclipse,Express,Krops,362,1,1,1,2,
4,5,60,Express,Eclipse,Manatee,653,3,1,1,5,
4,5,60,Express,Eclipse,Lad,571,3,1,0,4,
4,1,61,Comets,Jets,RapidChampion,639,0,3,3,3,
4,1,61,Comets,Jets,Thunderbug95,501,3,0,0,4,
4,1,61,Jets,Comets,Rushy,474,1,1,2,4,
4,1,61,Jets,Comets,Icyymike,384,1,0,2,1,
4,2,61,Comets,Jets,RapidChampion,442,2,0,1,4,
4,2,61,Comets,Jets,Thunderbug95,352,1,0,1,4,
4,2,61,Jets,Comets,Rushy,309,0,0,2,1,
4,2,61,Jets,Comets,Icyymike,488,2,0,2,2,
4,3,61,Comets,Jets,RapidChampion,372,0,0,2,2,
4,3,61,Comets,Jets,Thunderbug95,290,0,0,0,2,
4,3,61,Jets,Comets,Rushy,506,1,0,3,4,
4,3,61,Jets,Comets,Icyymike,464,0,1,2,2,
4,4,61,Comets,Jets,RapidChampion,375,0,1,1,2,
4,4,61,Comets,Jets,Thunderbug95,407,1,0,2,4,
4,4,61,Jets,Comets,Rushy,373,1,0,1,5,
4,4,61,Jets,Comets,Icyymike,536,2,0,1,4,
4,5,61,Comets,Jets,RapidChampion,643,3,1,1,5,
4,5,61,Comets,Jets,Thunderbug95,587,1,3,2,4,
4,5,61,Jets,Comets,Rushy,432,1,2,1,5,
4,5,61,Jets,Comets,Icyymike,491,2,0,2,3,
4,1,62,Wolves,Ducks,Arrogantmeat,297,0,0,1,2,
4,1,62,Wolves,Ducks,Wray,260,0,0,1,2,
4,1,62,Ducks,Wolves,Rolamin,793,2,4,2,4,
4,1,62,Ducks,Wolves,GoldenGomez,883,5,1,0,7,
4,2,62,Wolves,Ducks,Arrogantmeat,451,1,0,2,4,
4,2,62,Wolves,Ducks,Wray,477,1,1,0,6,
4,2,62,Ducks,Wolves,Rolamin,543,0,1,4,2,
4,2,62,Ducks,Wolves,GoldenGomez,446,1,0,2,5,
4,3,62,Wolves,Ducks,Arrogantmeat,216,0,1,0,1,
4,3,62,Wolves,Ducks,Wray,634,3,0,2,4,
4,3,62,Ducks,Wolves,Rolamin,575,3,0,1,3,
4,3,62,Ducks,Wolves,GoldenGomez,358,1,2,0,3,
4,4,62,Wolves,Ducks,Arrogantmeat,412,1,2,0,4,
4,4,62,Wolves,Ducks,Wray,536,2,0,2,6,
4,4,62,Ducks,Wolves,Rolamin,260,0,1,1,2,
4,4,62,Ducks,Wolves,GoldenGomez,617,2,0,2,4,
4,5,62,Wolves,Ducks,Arrogantmeat,436,2,0,0,5,
4,5,62,Wolves,Ducks,Wray,406,0,2,1,4,
4,5,62,Ducks,Wolves,Rolamin,841,3,1,2,6,
4,5,62,Ducks,Wolves,GoldenGomez,620,1,2,3,3,
4,1,63,Spartans,Foxes,Cali,457,1,1,2,5,
4,1,63,Spartans,Foxes,Sushii,324,1,0,0,2,
4,1,63,Foxes,Spartans,Thunderballs,492,1,0,2,1,
4,1,63,Foxes,Spartans,Kat,180,0,0,0,2,
4,2,63,Spartans,Foxes,Cali,690,1,2,2,3,
4,2,63,Spartans,Foxes,Sushii,484,2,1,1,2,
4,2,63,Foxes,Spartans,Thunderballs,400,1,0,1,2,
4,2,63,Foxes,Spartans,Kat,336,0,1,1,4,
4,3,63,Spartans,Foxes,Cali,558,1,1,3,5,
4,3,63,Spartans,Foxes,Sushii,607,2,1,2,7,
4,3,63,Foxes,Spartans,Thunderballs,511,1,0,3,5,
4,3,63,Foxes,Spartans,Kat,474,1,0,3,2,
4,4,63,Spartans,Foxes,Cali,444,1,0,2,1,
4,4,63,Spartans,Foxes,Sushii,411,1,1,1,3,
4,4,63,Foxes,Spartans,Thunderballs,248,0,0,0,1,
4,4,63,Foxes,Spartans,Kat,208,0,0,1,2,
4,5,63,Spartans,Foxes,Cali,434,2,1,0,5,
4,5,63,Spartans,Foxes,Sushii,772,3,1,1,5,
4,5,63,Foxes,Spartans,Thunderballs,550,2,0,2,3,
4,5,63,Foxes,Spartans,Kat,320,0,0,2,2,
4,1,64,Sharks,Hive,Scoobert Doobert,728,3,0,2,3,
4,1,64,Sharks,Hive,Grizz1y,495,1,1,2,5,
4,1,64,Hive,Sharks,Vino,314,1,0,0,3,
4,1,64,Hive,Sharks,JakeUpTheLeft,406,0,1,2,1,
4,2,64,Sharks,Hive,Scoobert Doobert,640,1,3,2,6,
4,2,64,Sharks,Hive,Grizz1y,699,3,1,1,4,
4,2,64,Hive,Sharks,Vino,817,2,1,3,6,
4,2,64,Hive,Sharks,JakeUpTheLeft,601,3,2,1,3,
4,3,64,Sharks,Hive,Scoobert Doobert,264,0,0,1,5,
4,3,64,Sharks,Hive,Grizz1y,456,1,0,2,5,
4,3,64,Hive,Sharks,Vino,679,2,0,3,4,
4,3,64,Hive,Sharks,JakeUpTheLeft,533,1,1,3,0,
4,4,64,Sharks,Hive,Scoobert Doobert,1110,5,2,2,7,
4,4,64,Sharks,Hive,Grizz1y,456,2,2,0,2,
4,4,64,Hive,Sharks,Vino,506,2,0,1,4,
4,4,64,Hive,Sharks,JakeUpTheLeft,374,1,0,2,2,
4,5,64,Sharks,Hive,Scoobert Doobert,483,0,0,3,5,
4,5,64,Sharks,Hive,Grizz1y,480,1,0,1,6,
4,5,64,Hive,Sharks,Vino,527,1,0,4,1,
4,5,64,Hive,Sharks,JakeUpTheLeft,463,1,0,2,6,
5,1,65,Bears,Outlaws,Water,424,2,0,2,2,
5,1,65,Bears,Outlaws,Ryder,280,0,0,2,0,
5,1,65,Outlaws,Bears,Saucey,591,3,1,0,5,
5,1,65,Outlaws,Bears,Peytoneli,348,1,1,0,4,
5,2,65,Bears,Outlaws,Water,535,2,0,2,5,
5,2,65,Bears,Outlaws,Ryder,301,0,1,2,2,
5,2,65,Outlaws,Bears,Saucey,1189,5,2,4,8,
5,2,65,Outlaws,Bears,Peytoneli,683,4,1,0,5,
5,3,65,Bears,Outlaws,Water,382,1,1,1,3,
5,3,65,Bears,Outlaws,Ryder,561,1,1,3,3,
5,3,65,Outlaws,Bears,Saucey,701,2,4,2,5,
5,3,65,Outlaws,Bears,Peytoneli,871,5,1,1,8,
5,4,65,Bears,Outlaws,Water,656,1,3,2,1,
5,4,65,Bears,Outlaws,Ryder,836,4,0,3,4,
5,4,65,Outlaws,Bears,Saucey,470,1,0,0,9,
5,4,65,Outlaws,Bears,Peytoneli,190,0,0,1,2,
5,5,65,Bears,Outlaws,Water,210,0,0,0,3,
5,5,65,Bears,Outlaws,Ryder,252,1,0,1,3,
5,5,65,Outlaws,Bears,Saucey,651,4,0,0,7,
5,5,65,Outlaws,Bears,Peytoneli,718,1,3,4,1,
5,1,66,Pirates,Wizards,Tater,675,3,0,1,6,
5,1,66,Pirates,Wizards,RED,546,2,1,1,5,
5,1,66,Wizards,Pirates,KingHaast,466,1,1,2,2,
5,1,66,Wizards,Pirates,Mixtape,464,1,0,2,2,
5,2,66,Pirates,Wizards,Tater,432,1,1,2,3,
5,2,66,Pirates,Wizards,RED,451,2,0,1,4,
5,2,66,Wizards,Pirates,KingHaast,318,1,0,1,1,
5,2,66,Wizards,Pirates,Mixtape,388,0,1,2,2,
5,3,66,Pirates,Wizards,Tater,729,4,1,0,6,
5,3,66,Pirates,Wizards,RED,649,2,1,2,7,
5,3,66,Wizards,Pirates,KingHaast,312,1,0,0,3,
5,3,66,Wizards,Pirates,Mixtape,384,1,0,1,4,
5,4,66,Pirates,Wizards,Tater,811,4,0,1,8,
5,4,66,Pirates,Wizards,RED,422,1,1,1,5,
5,4,66,Wizards,Pirates,KingHaast,210,0,0,1,3,
5,4,66,Wizards,Pirates,Mixtape,396,0,0,3,1,
5,5,66,Pirates,Wizards,Tater,1088,5,2,3,5,
5,5,66,Pirates,Wizards,RED,814,4,3,0,4,
5,5,66,Wizards,Pirates,KingHaast,178,0,0,0,3,
5,5,66,Wizards,Pirates,Mixtape,130,0,0,0,0,
5,1,67,Demolition,Knights,CinderBlock,435,1,0,2,4,
5,1,67,Demolition,Knights,Bandicoot,349,0,1,1,5,
5,1,67,Knights,Demolition,MikeIsMyIke,896,3,2,5,2,
5,1,67,Knights,Demolition,Beninemm,751,3,1,2,7,
5,2,67,Demolition,Knights,CinderBlock,923,5,0,1,8,
5,2,67,Demolition,Knights,Bandicoot,444,0,2,2,3,
5,2,67,Knights,Demolition,MikeIsMyIke,608,3,0,2,5,
5,2,67,Knights,Demolition,Beninemm,250,0,2,0,2,
5,3,67,Demolition,Knights,CinderBlock,767,5,0,0,6,
5,3,67,Demolition,Knights,Bandicoot,764,1,3,4,2,
5,3,67,Knights,Demolition,MikeIsMyIke,482,2,1,0,6,
5,3,67,Knights,Demolition,Beninemm,322,1,1,0,4,
5,4,67,Demolition,Knights,CinderBlock,434,1,2,0,5,
5,4,67,Demolition,Knights,Bandicoot,547,2,1,1,6,
5,4,67,Knights,Demolition,MikeIsMyIke,466,1,2,2,2,
5,4,67,Knights,Demolition,Beninemm,861,4,1,2,5,
5,5,67,Demolition,Knights,CinderBlock,709,2,1,3,5,
5,5,67,Demolition,Knights,Bandicoot,288,1,1,0,2,
5,5,67,Knights,Demolition,MikeIsMyIke,206,0,0,2,0,
5,5,67,Knights,Demolition,Beninemm,518,2,0,1,7,
5,1,68,Sabres,Rhinos,K3v,269,0,0,1,3,
5,1,68,Sabres,Rhinos,Big Boi Johnny,367,1,0,2,2,
5,1,68,Rhinos,Sabres,kcscrag,635,2,2,2,3,
5,1,68,Rhinos,Sabres,Korluss,616,2,1,1,6,
5,2,68,Sabres,Rhinos,K3v,462,2,0,0,6,
5,2,68,Sabres,Rhinos,Big Boi Johnny,362,0,1,1,3,
5,2,68,Rhinos,Sabres,kcscrag,457,1,1,1,3,
5,2,68,Rhinos,Sabres,Korluss,524,2,0,2,7,
5,3,68,Sabres,Rhinos,K3v,313,0,0,1,4,
5,3,68,Sabres,Rhinos,Big Boi Johnny,454,1,0,0,3,
5,3,68,Rhinos,Sabres,kcscrag,393,1,0,2,2,
5,3,68,Rhinos,Sabres,Korluss,586,1,1,2,1,
5,4,68,Sabres,Rhinos,K3v,352,1,0,0,6,
5,4,68,Sabres,Rhinos,Big Boi Johnny,172,0,0,0,2,
5,4,68,Rhinos,Sabres,kcscrag,366,1,1,2,1,
5,4,68,Rhinos,Sabres,Korluss,762,2,1,4,2,
5,5,68,Sabres,Rhinos,K3v,140,0,1,0,1,
5,5,68,Sabres,Rhinos,Big Boi Johnny,612,2,0,2,8,
5,5,68,Rhinos,Sabres,kcscrag,647,2,1,3,3,
5,5,68,Rhinos,Sabres,Korluss,505,1,2,2,3,
5,1,69,Bulls,Dodgers,Vandy_,427,1,0,2,2,
5,1,69,Bulls,Dodgers,Lightning ,578,2,1,1,5,
5,1,69,Dodgers,Bulls,Minamacky,534,2,0,1,4,
5,1,69,Dodgers,Bulls,Brandon,451,0,2,3,3,
5,2,69,Bulls,Dodgers,Vandy_,276,0,0,0,2,
5,2,69,Bulls,Dodgers,Lightning ,216,0,0,2,1,
5,2,69,Dodgers,Bulls,Minamacky,616,2,1,1,6,
5,2,69,Dodgers,Bulls,Brandon,382,1,1,1,1,
5,3,69,Bulls,Dodgers,Vandy_,844,4,0,3,6,
5,3,69,Bulls,Dodgers,Lightning ,383,1,3,0,2,
5,3,69,Dodgers,Bulls,Minamacky,368,1,0,2,6,
5,3,69,Dodgers,Bulls,Brandon,284,1,1,0,2,
5,4,69,Bulls,Dodgers,Vandy_,497,1,0,2,1,
5,4,69,Bulls,Dodgers,Lightning ,314,0,0,3,0,
5,4,69,Dodgers,Bulls,Minamacky,605,3,0,0,6,
5,4,69,Dodgers,Bulls,Brandon,553,1,3,0,4,
5,5,69,Bulls,Dodgers,Vandy_,495,1,0,2,3,
5,5,69,Bulls,Dodgers,Lightning ,236,0,0,1,2,
5,5,69,Dodgers,Bulls,Minamacky,621,1,0,4,5,
5,5,69,Dodgers,Bulls,Brandon,304,1,0,1,1,
5,1,70,Elite,Flames,Chunkylover,546,2,1,1,4,
5,1,70,Elite,Flames,Ty (Arcus),458,2,0,2,2,
5,1,70,Flames,Elite,Bones,486,2,0,1,4,
5,1,70,Flames,Elite,Fittz,184,0,0,1,3,
5,2,70,Elite,Flames,Chunkylover,468,1,1,1,5,
5,2,70,Elite,Flames,Ty (Arcus),643,2,1,3,4,
5,2,70,Flames,Elite,Bones,903,4,0,4,5,
5,2,70,Flames,Elite,Fittz,467,1,1,2,4,
5,3,70,Elite,Flames,Chunkylover,311,0,1,1,5,
5,3,70,Elite,Flames,Ty (Arcus),633,2,0,3,4,
5,3,70,Flames,Elite,Bones,689,2,1,4,4,
5,3,70,Flames,Elite,Fittz,400,2,0,0,3,
5,4,70,Elite,Flames,Chunkylover,473,1,1,2,2,
5,4,70,Elite,Flames,Ty (Arcus),655,3,1,1,3,
5,4,70,Flames,Elite,Bones,825,5,0,1,8,
5,4,70,Flames,Elite,Fittz,232,0,1,0,2,
5,5,70,Elite,Flames,Chunkylover,597,0,0,5,3,
5,5,70,Elite,Flames,Ty (Arcus),654,1,0,3,2,
5,5,70,Flames,Elite,Bones,515,0,0,1,5,
5,5,70,Flames,Elite,Fittz,447,0,0,3,3,
5,1,71,Hurricanes,Spectre,AcePocket,877,5,0,1,7,
5,1,71,Hurricanes,Spectre,Ondo,220,0,2,0,2,
5,1,71,Spectre,Hurricanes,JorbyPls,499,1,1,2,3,
5,1,71,Spectre,Hurricanes,MonsterJamers,302,1,0,1,1,
5,2,71,Hurricanes,Spectre,AcePocket,605,3,0,0,7,
5,2,71,Hurricanes,Spectre,Ondo,256,0,2,0,1,
5,2,71,Spectre,Hurricanes,JorbyPls,338,2,0,0,2,
5,2,71,Spectre,Hurricanes,MonsterJamers,285,0,0,1,0,
5,3,71,Hurricanes,Spectre,AcePocket,470,2,1,0,5,
5,3,71,Hurricanes,Spectre,Ondo,467,1,2,1,3,
5,3,71,Spectre,Hurricanes,JorbyPls,199,0,0,1,1,
5,3,71,Spectre,Hurricanes,MonsterJamers,463,1,0,3,1,
5,4,71,Hurricanes,Spectre,AcePocket,562,1,0,3,5,
5,4,71,Hurricanes,Spectre,Ondo,380,1,1,1,1,
5,4,71,Spectre,Hurricanes,JorbyPls,321,0,0,3,1,
5,4,71,Spectre,Hurricanes,MonsterJamers,160,0,0,0,3,
5,5,71,Hurricanes,Spectre,AcePocket,1185,6,3,1,8,
5,5,71,Hurricanes,Spectre,Ondo,640,3,3,0,5,
5,5,71,Spectre,Hurricanes,JorbyPls,345,1,0,2,1,
5,5,71,Spectre,Hurricanes,MonsterJamers,702,3,1,3,6,
5,1,72,Tyrants,Pandas,Majik,528,2,0,1,4,
5,1,72,Tyrants,Pandas,alex5050,461,1,0,3,3,
5,1,72,Pandas,Tyrants,Unforgiven,727,2,0,3,6,
5,1,72,Pandas,Tyrants,BlueMars2,274,0,1,1,1,
5,2,72,Tyrants,Pandas,Majik,630,2,0,3,5,
5,2,72,Tyrants,Pandas,alex5050,686,2,0,3,4,
5,2,72,Pandas,Tyrants,Unforgiven,504,2,1,0,7,
5,2,72,Pandas,Tyrants,BlueMars2,445,1,1,1,5,
5,3,72,Tyrants,Pandas,Majik,730,3,2,1,4,
5,3,72,Tyrants,Pandas,alex5050,687,3,2,1,5,
5,3,72,Pandas,Tyrants,Unforgiven,547,2,0,2,3,
5,3,72,Pandas,Tyrants,BlueMars2,504,1,2,1,3,
5,4,72,Tyrants,Pandas,Majik,1048,7,0,0,10,
5,4,72,Tyrants,Pandas,alex5050,504,1,2,1,3,
5,4,72,Pandas,Tyrants,Unforgiven,411,1,2,1,3,
5,4,72,Pandas,Tyrants,BlueMars2,697,2,1,4,3,
5,5,72,Tyrants,Pandas,Majik,348,1,1,0,5,
5,5,72,Tyrants,Pandas,alex5050,396,2,0,1,4,
5,5,72,Pandas,Tyrants,Unforgiven,565,2,1,2,2,
5,5,72,Pandas,Tyrants,BlueMars2,618,2,1,3,4,
5,1,73,Blizzard,Aviators,Icey6,330,1,0,0,4,
5,1,73,Blizzard,Aviators,Jroja,242,0,0,0,3,
5,1,73,Aviators,Blizzard,Jdubbz,528,1,0,3,1,
5,1,73,Aviators,Blizzard,Fllassh,403,1,0,2,0,
5,2,73,Blizzard,Aviators,Icey6,502,1,1,2,4,
5,2,73,Blizzard,Aviators,Jroja,472,2,0,2,2,
5,2,73,Aviators,Blizzard,Jdubbz,226,0,0,0,3,
5,2,73,Aviators,Blizzard,Fllassh,387,0,0,3,2,
5,3,73,Blizzard,Aviators,Icey6,342,1,0,1,2,
5,3,73,Blizzard,Aviators,Jroja,508,0,1,3,2,
5,3,73,Aviators,Blizzard,Jdubbz,434,1,1,1,2,
5,3,73,Aviators,Blizzard,Fllassh,566,2,1,1,4,
5,4,73,Blizzard,Aviators,Icey6,365,1,0,1,4,
5,4,73,Blizzard,Aviators,Jroja,302,0,1,0,3,
5,4,73,Aviators,Blizzard,Jdubbz,260,0,0,0,1,
5,4,73,Aviators,Blizzard,Fllassh,395,0,0,4,0,
5,5,73,Blizzard,Aviators,Icey6,370,1,0,0,8,
5,5,73,Blizzard,Aviators,Jroja,246,0,0,1,1,
5,5,73,Aviators,Blizzard,Jdubbz,421,0,2,2,1,
5,5,73,Aviators,Blizzard,Fllassh,584,2,0,4,2,
5,1,74,Hawks,Puffins,Hell,400,0,0,3,1,
5,1,74,Hawks,Puffins,Bel,308,1,0,0,4,
5,1,74,Puffins,Hawks,BazedN,306,0,0,1,2,
5,1,74,Puffins,Hawks,SchellRL,234,0,0,1,3,
5,2,74,Hawks,Puffins,Hell,770,2,1,5,5,
5,2,74,Hawks,Puffins,Bel,441,1,1,2,3,
5,2,74,Puffins,Hawks,BazedN,654,3,1,0,7,
5,2,74,Puffins,Hawks,SchellRL,511,1,0,0,3,
5,3,74,Hawks,Puffins,Hell,845,3,1,3,5,
5,3,74,Hawks,Puffins,Bel,775,3,2,1,5,
5,3,74,Puffins,Hawks,BazedN,725,2,1,3,6,
5,3,74,Puffins,Hawks,SchellRL,600,2,1,1,3,
5,4,74,Hawks,Puffins,Hell,260,0,0,1,1,
5,4,74,Hawks,Puffins,Bel,418,0,0,3,0,
5,4,74,Puffins,Hawks,BazedN,530,2,2,0,5,
5,4,74,Puffins,Hawks,SchellRL,713,3,1,1,5,
5,5,74,Hawks,Puffins,Hell,276,0,0,1,1,
5,5,74,Hawks,Puffins,Bel,710,2,0,4,3,
5,5,74,Puffins,Hawks,BazedN,362,1,0,0,7,
5,5,74,Puffins,Hawks,SchellRL,202,0,0,1,0,
5,1,75,Shadow,Eclipse,Thunder,720,2,0,2,8,
5,1,75,Shadow,Eclipse,euronate,178,0,0,0,2,
5,1,75,Eclipse,Shadow,Krops,485,1,0,3,3,
5,1,75,Eclipse,Shadow,Ech0,477,0,1,3,3,
5,2,75,Shadow,Eclipse,Thunder,244,1,0,0,4,
5,2,75,Shadow,Eclipse,euronate,478,2,0,2,4,
5,2,75,Eclipse,Shadow,Krops,532,1,0,4,2,
5,2,75,Eclipse,Shadow,Ech0,212,0,1,0,2,
5,3,75,Shadow,Eclipse,Thunder,633,2,0,2,6,
5,3,75,Shadow,Eclipse,euronate,394,2,0,1,3,
5,3,75,Eclipse,Shadow,Krops,647,2,0,1,4,
5,3,75,Eclipse,Shadow,Ech0,198,0,0,1,1,
5,4,75,Shadow,Eclipse,Thunder,645,4,0,0,7,
5,4,75,Shadow,Eclipse,euronate,605,3,1,1,4,
5,4,75,Eclipse,Shadow,Krops,525,1,1,2,3,
5,4,75,Eclipse,Shadow,Ech0,394,1,1,2,1,
5,5,75,Shadow,Eclipse,Thunder,589,3,0,1,5,
5,5,75,Shadow,Eclipse,euronate,346,1,1,0,7,
5,5,75,Eclipse,Shadow,Krops,390,0,0,3,1,
5,5,75,Eclipse,Shadow,Ech0,363,0,0,3,0,
5,1,76,Lightning,Express,tehblister,288,0,0,1,4,
5,1,76,Lightning,Express,Sough,293,0,0,2,3,
5,1,76,Express,Lightning,Manatee,729,3,1,2,5,
5,1,76,Express,Lightning,Lad,658,1,1,5,2,
5,2,76,Lightning,Express,tehblister,216,0,1,0,3,
5,2,76,Lightning,Express,Sough,551,1,0,4,3,
5,2,76,Express,Lightning,Manatee,703,3,0,2,8,
5,2,76,Express,Lightning,Lad,446,1,1,2,2,
5,3,76,Lightning,Express,tehblister,500,2,1,2,4,
5,3,76,Lightning,Express,Sough,619,1,2,2,2,
5,3,76,Express,Lightning,Manatee,568,2,1,0,6,
5,3,76,Express,Lightning,Lad,660,3,1,1,5,
5,4,76,Lightning,Express,tehblister,313,0,0,1,3,
5,4,76,Lightning,Express,Sough,333,0,0,2,2,
5,4,76,Express,Lightning,Manatee,370,1,0,1,4,
5,4,76,Express,Lightning,Lad,396,0,1,2,2,
5,5,76,Lightning,Express,tehblister,811,5,0,1,6,
5,5,76,Lightning,Express,Sough,665,1,4,3,2,
5,5,76,Express,Lightning,Manatee,566,2,1,2,5,
5,5,76,Express,Lightning,Lad,523,3,0,0,8,
5,1,77,Comets,Wolves,RapidChampion,171,0,0,1,1,
5,1,77,Comets,Wolves,Badgey,514,2,0,1,6,
5,1,77,Wolves,Comets,Wray,413,1,1,2,3,
5,1,77,Wolves,Comets,Uhsteve,771,3,1,2,4,
5,2,77,Comets,Wolves,RapidChampion,322,1,0,1,3,
5,2,77,Comets,Wolves,Badgey,178,0,0,0,1,
5,2,77,Wolves,Comets,Wray,256,0,2,1,1,
5,2,77,Wolves,Comets,Uhsteve,959,6,0,1,7,
5,3,77,Comets,Wolves,RapidChampion,400,0,0,3,3,
5,3,77,Comets,Wolves,Badgey,508,1,0,3,3,
5,3,77,Wolves,Comets,Wray,784,4,1,0,9,
5,3,77,Wolves,Comets,Uhsteve,841,4,1,0,9,
5,4,77,Comets,Wolves,RapidChampion,429,1,0,1,1,
5,4,77,Comets,Wolves,Badgey,386,0,1,2,3,
5,4,77,Wolves,Comets,Wray,683,3,1,1,4,
5,4,77,Wolves,Comets,Uhsteve,710,2,2,2,6,
5,5,77,Comets,Wolves,RapidChampion,422,0,2,1,2,
5,5,77,Comets,Wolves,Badgey,689,3,0,2,5,
5,5,77,Wolves,Comets,Wray,504,2,0,1,5,
5,5,77,Wolves,Comets,Uhsteve,668,2,0,3,3,
5,1,78,Jets,Spartans,Rushy,646,2,0,5,3,
5,1,78,Jets,Spartans,Phyrexius,528,1,1,2,4,
5,1,78,Spartans,Jets,Cali,489,2,0,1,5,
5,1,78,Spartans,Jets,Jeremazing,357,0,1,3,3,
5,2,78,Jets,Spartans,Rushy,272,0,0,1,3,
5,2,78,Jets,Spartans,Phyrexius,266,0,0,1,1,
5,2,78,Spartans,Jets,Cali,428,1,1,1,3,
5,2,78,Spartans,Jets,Jeremazing,570,2,1,1,5,
5,3,78,Jets,Spartans,Rushy,954,4,0,4,4,
5,3,78,Jets,Spartans,Phyrexius,407,0,2,2,3,
5,3,78,Spartans,Jets,Cali,604,3,0,0,8,
5,3,78,Spartans,Jets,Jeremazing,609,2,2,2,5,
5,4,78,Jets,Spartans,Rushy,565,2,0,3,4,
5,4,78,Jets,Spartans,Phyrexius,338,1,1,1,2,
5,4,78,Spartans,Jets,Cali,1054,6,2,1,9,
5,4,78,Spartans,Jets,Jeremazing,703,2,4,2,3,
5,5,78,Jets,Spartans,Rushy,587,2,3,0,6,
5,5,78,Jets,Spartans,Phyrexius,815,4,2,0,7,
5,5,78,Spartans,Jets,Cali,445,1,0,2,2,
5,5,78,Spartans,Jets,Jeremazing,520,2,0,1,3,
5,1,79,Ducks,Hive,Rolamin,609,1,4,0,5,
5,1,79,Ducks,Hive,Holo,906,5,0,1,9,
5,1,79,Hive,Ducks,Chase,926,2,3,3,4,
5,1,79,Hive,Ducks,JakeUpTheLeft,679,3,2,0,5,
5,2,79,Ducks,Hive,Rolamin,320,1,1,0,4,
5,2,79,Ducks,Hive,Holo,492,2,1,1,4,
5,2,79,Hive,Ducks,Chase,475,2,0,2,3,
5,2,79,Hive,Ducks,JakeUpTheLeft,830,5,0,1,7,
5,3,79,Ducks,Hive,Rolamin,399,0,0,4,2,
5,3,79,Ducks,Hive,Holo,268,0,0,1,4,
5,3,79,Hive,Ducks,Chase,588,2,1,2,5,
5,3,79,Hive,Ducks,JakeUpTheLeft,300,1,0,1,3,
5,4,79,Ducks,Hive,Rolamin,306,0,0,2,0,
5,4,79,Ducks,Hive,Holo,344,1,0,1,3,
5,4,79,Hive,Ducks,Chase,711,3,1,6,6,
5,4,79,Hive,Ducks,JakeUpTheLeft,468,1,2,1,3,
5,5,79,Ducks,Hive,Rolamin,158,0,0,0,0,
5,5,79,Ducks,Hive,Holo,180,0,0,0,1,
5,5,79,Hive,Ducks,Chase,566,2,1,1,3,
5,5,79,Hive,Ducks,JakeUpTheLeft,538,2,2,0,3,
5,1,80,Foxes,Sharks,Thunderballs,773,2,1,3,3,
5,1,80,Foxes,Sharks,Wubby,446,2,0,0,4,
5,1,80,Sharks,Foxes,Scoobert Doobert,554,2,1,0,5,
5,1,80,Sharks,Foxes,GreatGodZeus,460,1,1,1,4,
5,2,80,Foxes,Sharks,Thunderballs,690,3,1,1,4,
5,2,80,Foxes,Sharks,Wubby,472,1,2,2,3,
5,2,80,Sharks,Foxes,Scoobert Doobert,377,0,1,2,4,
5,2,80,Sharks,Foxes,GreatGodZeus,344,1,0,1,2,
5,3,80,Foxes,Sharks,Thunderballs,300,0,0,2,1,
5,3,80,Foxes,Sharks,Wubby,381,1,0,2,3,
5,3,80,Sharks,Foxes,Scoobert Doobert,306,0,1,0,4,
5,3,80,Sharks,Foxes,GreatGodZeus,481,2,0,2,2,
5,4,80,Foxes,Sharks,Thunderballs,519,1,2,2,4,
5,4,80,Foxes,Sharks,Wubby,647,3,1,0,5,
5,4,80,Sharks,Foxes,Scoobert Doobert,334,0,1,1,1,
5,4,80,Sharks,Foxes,GreatGodZeus,410,1,0,2,2,
5,5,80,Foxes,Sharks,Thunderballs,344,0,1,1,5,
5,5,80,Foxes,Sharks,Wubby,515,3,0,0,7,
5,5,80,Sharks,Foxes,Scoobert Doobert,483,0,0,5,0,
5,5,80,Sharks,Foxes,GreatGodZeus,277,0,0,1,1,
6,1,81,Bears,Pirates,Zyta,591,0,2,5,6,
6,1,81,Bears,Pirates,Kracerlink,376,2,0,0,3,
6,1,81,Pirates,Bears,Crey2k,690,3,1,2,4,
6,1,81,Pirates,Bears,Tater,954,3,3,2,8,
6,2,81,Bears,Pirates,Zyta,509,1,0,2,3,
6,2,81,Bears,Pirates,Kracerlink,416,1,1,1,2,
6,2,81,Pirates,Bears,Crey2k,529,1,2,2,3,
6,2,81,Pirates,Bears,Tater,699,3,0,1,5,
6,3,81,Bears,Pirates,Zyta,315,0,0,2,1,
6,3,81,Bears,Pirates,Kracerlink,476,2,0,1,4,
6,3,81,Pirates,Bears,Crey2k,421,1,1,1,3,
6,3,81,Pirates,Bears,Tater,524,2,1,0,5,
6,4,81,Bears,Pirates,Zyta,503,0,1,2,3,
6,4,81,Bears,Pirates,Kracerlink,452,2,0,0,4,
6,4,81,Pirates,Bears,Crey2k,583,1,0,3,4,
6,4,81,Pirates,Bears,Tater,701,2,0,2,4,
6,5,81,Bears,Pirates,Zyta,642,1,3,1,4,
6,5,81,Bears,Pirates,Kracerlink,660,3,0,1,7,
6,5,81,Pirates,Bears,Crey2k,595,2,0,2,3,
6,5,81,Pirates,Bears,Tater,540,1,1,1,6,
6,1,82,Rhinos,Knights,Korluss,701,3,0,1,6,
6,1,82,Rhinos,Knights,Fluffy_Eagle,364,0,0,2,5,
6,1,82,Knights,Rhinos,MikeIsMyIke,536,1,1,1,5,
6,1,82,Knights,Rhinos,OGkrish,499,1,0,2,1,
6,2,82,Rhinos,Knights,Korluss,725,5,0,0,5,
6,2,82,Rhinos,Knights,Fluffy_Eagle,508,0,4,1,3,
6,2,82,Knights,Rhinos,MikeIsMyIke,330,1,1,1,3,
6,2,82,Knights,Rhinos,OGkrish,310,1,1,0,3,
6,3,82,Rhinos,Knights,Korluss,364,0,0,3,3,
6,3,82,Rhinos,Knights,Fluffy_Eagle,405,0,0,3,1,
6,3,82,Knights,Rhinos,MikeIsMyIke,289,0,0,1,5,
6,3,82,Knights,Rhinos,OGkrish,440,2,0,0,2,
6,4,82,Rhinos,Knights,Korluss,505,1,1,1,4,
6,4,82,Rhinos,Knights,Fluffy_Eagle,565,1,1,3,2,
6,4,82,Knights,Rhinos,MikeIsMyIke,279,0,0,1,4,
6,4,82,Knights,Rhinos,OGkrish,244,0,0,1,1,
6,5,82,Rhinos,Knights,Korluss,747,2,0,2,5,
6,5,82,Rhinos,Knights,Fluffy_Eagle,444,1,1,1,3,
6,5,82,Knights,Rhinos,MikeIsMyIke,552,2,1,2,5,
6,5,82,Knights,Rhinos,OGkrish,681,2,1,2,5,
6,1,83,Outlaws,Demolition,Peytoneli,567,2,1,2,2,
6,1,83,Outlaws,Demolition,notmike,372,1,1,0,2,
6,1,83,Demolition,Outlaws,Script,470,1,1,1,5,
6,1,83,Demolition,Outlaws,Sadomi_,234,1,0,0,1,
6,2,83,Outlaws,Demolition,Peytoneli,508,2,1,2,4,
6,2,83,Outlaws,Demolition,notmike,665,2,2,3,4,
6,2,83,Demolition,Outlaws,Script,375,1,0,1,2,
6,2,83,Demolition,Outlaws,Sadomi_,317,0,0,1,4,
6,3,83,Outlaws,Demolition,Peytoneli,889,2,5,2,5,
6,3,83,Outlaws,Demolition,notmike,860,5,0,2,4,
6,3,83,Demolition,Outlaws,Script,751,4,0,1,7,
6,3,83,Demolition,Outlaws,Sadomi_,498,2,2,0,3,
6,4,83,Outlaws,Demolition,Peytoneli,640,2,2,1,8,
6,4,83,Outlaws,Demolition,notmike,773,5,1,0,7,
6,4,83,Demolition,Outlaws,Script,388,1,1,2,2,
6,4,83,Demolition,Outlaws,Sadomi_,344,1,0,1,1,
6,5,83,Outlaws,Demolition,Peytoneli,454,2,0,0,7,
6,5,83,Outlaws,Demolition,notmike,285,0,2,1,2,
6,5,83,Demolition,Outlaws,Script,411,0,1,2,1,
6,5,83,Demolition,Outlaws,Sadomi_,389,1,0,2,1,
6,1,84,Wizards,Sabres,KittenDuck,534,1,1,2,2,
6,1,84,Wizards,Sabres,Jimmer,647,2,0,3,5,
6,1,84,Sabres,Wizards,ArcaneLizard,432,1,0,2,5,
6,1,84,Sabres,Wizards,easy359,487,1,1,1,1,
6,2,84,Wizards,Sabres,KittenDuck,553,1,3,2,1,
6,2,84,Wizards,Sabres,Jimmer,737,3,1,2,5,
6,2,84,Sabres,Wizards,ArcaneLizard,236,1,0,0,3,
6,2,84,Sabres,Wizards,easy359,264,0,1,1,3,
6,3,84,Wizards,Sabres,KittenDuck,415,2,0,1,3,
6,3,84,Wizards,Sabres,Jimmer,508,2,0,0,8,
6,3,84,Sabres,Wizards,ArcaneLizard,222,0,0,2,2,
6,3,84,Sabres,Wizards,easy359,563,2,0,2,3,
6,4,84,Wizards,Sabres,KittenDuck,586,2,1,0,4,
6,4,84,Wizards,Sabres,Jimmer,314,1,0,2,5,
6,4,84,Sabres,Wizards,ArcaneLizard,419,1,1,3,1,
6,4,84,Sabres,Wizards,easy359,496,1,1,2,3,
6,5,84,Wizards,Sabres,KittenDuck,592,2,1,1,4,
6,5,84,Wizards,Sabres,Jimmer,246,1,0,1,2,
6,5,84,Sabres,Wizards,ArcaneLizard,334,0,2,1,2,
6,5,84,Sabres,Wizards,easy359,504,2,0,1,6,
6,1,85,Dodgers,Elite,Minamacky,673,3,0,2,6,
6,1,85,Dodgers,Elite,InanimateJ,176,1,0,0,1,
6,1,85,Elite,Dodgers,hazelnutlatte,491,2,0,1,5,
6,1,85,Elite,Dodgers,Chunkylover,427,0,2,1,2,
6,2,85,Dodgers,Elite,Minamacky,607,2,0,3,3,
6,2,85,Dodgers,Elite,InanimateJ,410,1,0,2,4,
6,2,85,Elite,Dodgers,hazelnutlatte,481,0,0,4,4,
6,2,85,Elite,Dodgers,Chunkylover,166,0,0,0,3,
6,3,85,Dodgers,Elite,Minamacky,640,2,2,1,5,
6,3,85,Dodgers,Elite,InanimateJ,552,2,1,1,4,
6,3,85,Elite,Dodgers,hazelnutlatte,298,1,0,0,4,
6,3,85,Elite,Dodgers,Chunkylover,475,0,1,4,0,
6,4,85,Dodgers,Elite,Minamacky,969,5,2,1,8,
6,4,85,Dodgers,Elite,InanimateJ,754,3,3,1,4,
6,4,85,Elite,Dodgers,hazelnutlatte,461,1,0,2,2,
6,4,85,Elite,Dodgers,Chunkylover,468,0,1,0,1,
6,5,85,Dodgers,Elite,Minamacky,630,2,2,2,3,
6,5,85,Dodgers,Elite,InanimateJ,704,3,0,3,4,
6,5,85,Elite,Dodgers,hazelnutlatte,478,1,2,1,6,
6,5,85,Elite,Dodgers,Chunkylover,478,2,1,0,6,
6,1,86,Flames,Bulls,Fittz,613,3,1,2,3,
6,1,86,Flames,Bulls,Bones,426,1,1,2,4,
6,1,86,Bulls,Flames,Moosey,477,1,1,1,7,
6,1,86,Bulls,Flames,Lightning ,471,2,0,2,3,
6,2,86,Flames,Bulls,Fittz,413,1,0,2,2,
6,2,86,Flames,Bulls,Bones,486,0,1,3,3,
6,2,86,Bulls,Flames,Moosey,327,0,0,2,2,
6,2,86,Bulls,Flames,Lightning ,303,0,0,2,1,
6,3,86,Flames,Bulls,Fittz,380,2,0,0,3,
6,3,86,Flames,Bulls,Bones,347,0,1,2,3,
6,3,86,Bulls,Flames,Moosey,808,3,1,3,4,
6,3,86,Bulls,Flames,Lightning ,609,3,1,1,5,
6,4,86,Flames,Bulls,Fittz,557,3,0,1,5,
6,4,86,Flames,Bulls,Bones,530,2,2,0,6,
6,4,86,Bulls,Flames,Moosey,294,0,0,2,1,
6,4,86,Bulls,Flames,Lightning ,307,1,0,1,2,
6,5,86,Flames,Bulls,Fittz,601,3,1,1,6,
6,5,86,Flames,Bulls,Bones,496,2,1,0,4,
6,5,86,Bulls,Flames,Moosey,534,2,1,2,2,
6,5,86,Bulls,Flames,Lightning ,456,2,1,1,4,
6,1,87,Hurricanes,Tyrants,AcePocket,424,1,2,1,5,
6,1,87,Hurricanes,Tyrants,Aether,556,2,1,2,3,
6,1,87,Tyrants,Hurricanes,alex5050,587,1,3,1,5,
6,1,87,Tyrants,Hurricanes,Majik,711,4,0,2,4,
6,2,87,Hurricanes,Tyrants,AcePocket,682,3,3,0,5,
6,2,87,Hurricanes,Tyrants,Aether,1128,6,2,1,10,
6,2,87,Tyrants,Hurricanes,alex5050,497,0,3,3,1,
6,2,87,Tyrants,Hurricanes,Majik,773,4,0,2,5,
6,3,87,Hurricanes,Tyrants,AcePocket,382,1,0,1,4,
6,3,87,Hurricanes,Tyrants,Aether,558,1,0,4,3,
6,3,87,Tyrants,Hurricanes,alex5050,514,1,2,2,5,
6,3,87,Tyrants,Hurricanes,Majik,725,3,1,2,6,
6,4,87,Hurricanes,Tyrants,AcePocket,536,1,2,2,3,
6,4,87,Hurricanes,Tyrants,Aether,776,3,1,3,4,
6,4,87,Tyrants,Hurricanes,alex5050,190,0,0,1,3,
6,4,87,Tyrants,Hurricanes,Majik,543,1,2,2,3,
6,5,87,Hurricanes,Tyrants,AcePocket,358,1,1,1,2,
6,5,87,Hurricanes,Tyrants,Aether,546,2,0,2,4,
6,5,87,Tyrants,Hurricanes,alex5050,696,2,1,3,4,
6,5,87,Tyrants,Hurricanes,Majik,500,2,1,0,4,
6,1,88,Spectre,Pandas,JorbyPls,500,1,0,4,3,
6,1,88,Spectre,Pandas,MonsterJamers,188,0,1,1,1,
6,1,88,Pandas,Spectre,Unforgiven,972,4,3,2,7,
6,1,88,Pandas,Spectre,The Law,935,5,2,1,8,
6,2,88,Spectre,Pandas,JorbyPls,488,0,0,4,4,
6,2,88,Spectre,Pandas,MonsterJamers,218,0,0,2,2,
6,2,88,Pandas,Spectre,Unforgiven,643,1,4,1,7,
6,2,88,Pandas,Spectre,The Law,976,4,1,4,8,
6,3,88,Spectre,Pandas,JorbyPls,427,1,0,2,3,
6,3,88,Spectre,Pandas,MonsterJamers,222,0,1,0,0,
6,3,88,Pandas,Spectre,Unforgiven,627,1,3,2,5,
6,3,88,Pandas,Spectre,The Law,605,3,1,0,3,
6,4,88,Spectre,Pandas,JorbyPls,525,2,0,1,2,
6,4,88,Spectre,Pandas,MonsterJamers,322,0,2,2,2,
6,4,88,Pandas,Spectre,Unforgiven,720,3,3,0,6,
6,4,88,Pandas,Spectre,The Law,835,5,1,0,6,
6,5,88,Spectre,Pandas,JorbyPls,485,1,0,3,1,
6,5,88,Spectre,Pandas,MonsterJamers,240,0,0,2,0,
6,5,88,Pandas,Spectre,Unforgiven,696,3,3,0,7,
6,5,88,Pandas,Spectre,The Law,917,5,2,0,8,
6,1,89,Blizzard,Eclipse,Koalemos,651,4,0,0,7,
6,1,89,Blizzard,Eclipse,Icey6,644,2,2,3,3,
6,1,89,Eclipse,Blizzard,Krops,474,2,0,2,4,
6,1,89,Eclipse,Blizzard,Lil Q,300,1,0,1,2,
6,2,89,Blizzard,Eclipse,Koalemos,324,0,1,1,0,
6,2,89,Blizzard,Eclipse,Icey6,453,1,0,2,4,
6,2,89,Eclipse,Blizzard,Krops,365,0,0,1,3,
6,2,89,Eclipse,Blizzard,Lil Q,317,0,0,2,0,
6,3,89,Blizzard,Eclipse,Koalemos,409,0,2,2,0,
6,3,89,Blizzard,Eclipse,Icey6,632,3,0,1,3,
6,3,89,Eclipse,Blizzard,Krops,408,1,2,0,2,
6,3,89,Eclipse,Blizzard,Lil Q,629,3,1,0,7,
6,4,89,Blizzard,Eclipse,Koalemos,627,2,1,2,4,
6,4,89,Blizzard,Eclipse,Icey6,610,1,2,4,6,
6,4,89,Eclipse,Blizzard,Krops,209,0,0,2,3,
6,4,89,Eclipse,Blizzard,Lil Q,653,2,0,3,6,
6,5,89,Blizzard,Eclipse,Koalemos,520,1,2,2,4,
6,5,89,Blizzard,Eclipse,Icey6,445,2,0,1,4,
6,5,89,Eclipse,Blizzard,Krops,534,2,0,2,4,
6,5,89,Eclipse,Blizzard,Lil Q,655,3,1,0,4,
6,1,90,Puffins,Express,SchellRL,559,1,1,2,8,
6,1,90,Puffins,Express,BazedN,398,1,0,1,2,
6,1,90,Express,Puffins,Flog Pops,824,3,0,3,5,
6,1,90,Express,Puffins,Lad,559,0,1,4,2,
6,2,90,Puffins,Express,SchellRL,444,1,0,2,3,
6,2,90,Puffins,Express,BazedN,432,0,1,2,2,
6,2,90,Express,Puffins,Flog Pops,310,0,0,1,5,
6,2,90,Express,Puffins,Lad,400,0,0,3,1,
6,3,90,Puffins,Express,SchellRL,585,2,0,2,7,
6,3,90,Puffins,Express,BazedN,335,0,2,1,1,
6,3,90,Express,Puffins,Flog Pops,632,2,1,2,2,
6,3,90,Express,Puffins,Lad,527,1,1,2,3,
6,4,90,Puffins,Express,SchellRL,208,0,1,0,2,
6,4,90,Puffins,Express,BazedN,699,2,0,4,3,
6,4,90,Express,Puffins,Flog Pops,446,1,0,2,3,
6,4,90,Express,Puffins,Lad,140,0,0,0,3,
6,5,90,Puffins,Express,SchellRL,647,3,0,1,6,
6,5,90,Puffins,Express,BazedN,337,0,3,0,3,
6,5,90,Express,Puffins,Flog Pops,563,2,0,3,2,
6,5,90,Express,Puffins,Lad,284,0,1,1,1,
6,1,91,Lightning,Hawks,Sough,412,1,1,0,6,
6,1,91,Lightning,Hawks,Magnus,507,1,1,3,3,
6,1,91,Hawks,Lightning,Zair,648,2,0,3,4,
6,1,91,Hawks,Lightning,Bel,475,1,2,1,3,
6,2,91,Lightning,Hawks,Sough,692,2,1,3,5,
6,2,91,Lightning,Hawks,Magnus,777,4,0,2,4,
6,2,91,Hawks,Lightning,Zair,408,1,0,1,4,
6,2,91,Hawks,Lightning,Bel,477,1,0,1,4,
6,3,91,Lightning,Hawks,Sough,636,1,1,5,4,
6,3,91,Lightning,Hawks,Magnus,447,1,0,2,3,
6,3,91,Hawks,Lightning,Zair,729,3,0,2,8,
6,3,91,Hawks,Lightning,Bel,493,1,1,2,3,
6,4,91,Lightning,Hawks,Sough,688,2,1,3,3,
6,4,91,Lightning,Hawks,Magnus,443,1,1,2,2,
6,4,91,Hawks,Lightning,Zair,773,4,1,1,9,
6,4,91,Hawks,Lightning,Bel,535,1,4,0,3,
6,5,91,Lightning,Hawks,Sough,549,1,1,3,4,
6,5,91,Lightning,Hawks,Magnus,272,1,0,1,3,
6,5,91,Hawks,Lightning,Zair,434,1,2,1,5,
6,5,91,Hawks,Lightning,Bel,490,2,0,2,3,
6,1,92,Shadow,Aviators,Thunder,338,0,1,1,3,
6,1,92,Shadow,Aviators,Void,290,1,0,0,4,
6,1,92,Aviators,Shadow,Jdubbz,700,2,0,4,6,
6,1,92,Aviators,Shadow,Waffle,405,2,0,1,1,
6,2,92,Shadow,Aviators,Thunder,582,2,0,2,4,
6,2,92,Shadow,Aviators,Void,350,1,1,1,3,
6,2,92,Aviators,Shadow,Jdubbz,475,1,0,2,4,
6,2,92,Aviators,Shadow,Waffle,178,0,0,0,2,
6,3,92,Shadow,Aviators,Thunder,842,3,0,2,7,
6,3,92,Shadow,Aviators,Void,543,0,0,4,6,
6,3,92,Aviators,Shadow,Jdubbz,561,0,1,3,3,
6,3,92,Aviators,Shadow,Waffle,560,2,0,2,6,
6,4,92,Shadow,Aviators,Thunder,709,2,2,2,5,
6,4,92,Shadow,Aviators,Void,601,3,0,2,5,
6,4,92,Aviators,Shadow,Jdubbz,378,2,0,0,4,
6,4,92,Aviators,Shadow,Waffle,335,1,0,1,4,
6,5,92,Shadow,Aviators,Thunder,491,1,0,2,6,
6,5,92,Shadow,Aviators,Void,374,0,0,3,4,
6,5,92,Aviators,Shadow,Jdubbz,642,1,0,5,5,
6,5,92,Aviators,Shadow,Waffle,498,2,1,1,2,
6,1,93,Comets,Ducks,RapidChampion,411,0,1,2,3,
6,1,93,Comets,Ducks,Thunderbug95,500,2,0,2,3,
6,1,93,Ducks,Comets,Rolamin,382,0,0,2,2,
6,1,93,Ducks,Comets,GoldenGomez,158,0,0,0,2,
6,2,93,Comets,Ducks,RapidChampion,875,3,2,4,4,
6,2,93,Comets,Ducks,Thunderbug95,679,4,0,2,5,
6,2,93,Ducks,Comets,Rolamin,278,0,0,2,2,
6,2,93,Ducks,Comets,GoldenGomez,502,2,0,2,5,
6,3,93,Comets,Ducks,RapidChampion,382,1,0,2,3,
6,3,93,Comets,Ducks,Thunderbug95,295,0,0,2,1,
6,3,93,Ducks,Comets,Rolamin,250,0,0,1,3,
6,3,93,Ducks,Comets,GoldenGomez,316,0,0,2,4,
6,4,93,Comets,Ducks,RapidChampion,341,1,0,1,3,
6,4,93,Comets,Ducks,Thunderbug95,264,0,1,1,0,
6,4,93,Ducks,Comets,Rolamin,422,2,0,1,4,
6,4,93,Ducks,Comets,GoldenGomez,302,1,1,0,3,
6,5,93,Comets,Ducks,RapidChampion,329,0,0,2,2,
6,5,93,Comets,Ducks,Thunderbug95,250,1,0,0,3,
6,5,93,Ducks,Comets,Rolamin,406,2,0,0,3,
6,5,93,Ducks,Comets,GoldenGomez,642,2,2,1,4,
6,1,94,Jets,Wolves,Icyymike,364,1,1,1,3,
6,1,94,Jets,Wolves,Phyrexius,348,1,0,1,3,
6,1,94,Wolves,Jets,Wray,690,3,0,2,4,
6,1,94,Wolves,Jets,Uhsteve,363,0,2,1,3,
6,2,94,Jets,Wolves,Icyymike,262,0,0,1,3,
6,2,94,Jets,Wolves,Phyrexius,302,0,0,2,2,
6,2,94,Wolves,Jets,Wray,374,1,1,0,3,
6,2,94,Wolves,Jets,Uhsteve,758,3,0,2,7,
6,3,94,Jets,Wolves,Icyymike,248,0,1,2,0,
6,3,94,Jets,Wolves,Phyrexius,462,1,0,2,4,
6,3,94,Wolves,Jets,Wray,558,2,2,2,4,
6,3,94,Wolves,Jets,Uhsteve,787,4,2,0,8,
6,4,94,Jets,Wolves,Icyymike,548,0,2,4,1,
6,4,94,Jets,Wolves,Phyrexius,563,3,0,0,5,
6,4,94,Wolves,Jets,Wray,524,1,2,1,5,
6,4,94,Wolves,Jets,Uhsteve,564,3,0,1,2,
6,5,94,Jets,Wolves,Icyymike,463,1,1,2,1,
6,5,94,Jets,Wolves,Phyrexius,439,1,0,2,2,
6,5,94,Wolves,Jets,Wray,319,1,0,0,3,
6,5,94,Wolves,Jets,Uhsteve,464,2,0,1,9,
6,1,95,Spartans,Sharks,Sushii,464,2,0,1,2,
6,1,95,Spartans,Sharks,Jeremazing,286,0,1,1,2,
6,1,95,Sharks,Spartans,GreatGodZeus,543,3,0,0,5,
6,1,95,Sharks,Spartans,Grizz1y,342,0,0,2,2,
6,2,95,Spartans,Sharks,Sushii,580,3,0,1,5,
6,2,95,Spartans,Sharks,Jeremazing,589,1,2,2,3,
6,2,95,Sharks,Spartans,GreatGodZeus,405,1,0,2,1,
6,2,95,Sharks,Spartans,Grizz1y,898,5,0,2,9,
6,3,95,Spartans,Sharks,Sushii,446,2,1,0,6,
6,3,95,Spartans,Sharks,Jeremazing,447,1,2,2,3,
6,3,95,Sharks,Spartans,GreatGodZeus,763,3,1,3,4,
6,3,95,Sharks,Spartans,Grizz1y,833,4,2,1,7,
6,4,95,Spartans,Sharks,Sushii,387,1,1,1,4,
6,4,95,Spartans,Sharks,Jeremazing,506,2,0,1,2,
6,4,95,Sharks,Spartans,GreatGodZeus,545,3,0,0,4,
6,4,95,Sharks,Spartans,Grizz1y,636,2,2,2,4,
6,5,95,Spartans,Sharks,Sushii,658,3,0,1,5,
6,5,95,Spartans,Sharks,Jeremazing,146,0,0,0,0,
6,5,95,Sharks,Spartans,GreatGodZeus,691,3,0,2,3,
6,5,95,Sharks,Spartans,Grizz1y,378,1,2,0,3,
6,1,96,Foxes,Hive,Kat,632,2,1,2,7,
6,1,96,Foxes,Hive,Wubby,478,1,1,2,4,
6,1,96,Hive,Foxes,crossfire8255,1299,6,1,5,8,
6,1,96,Hive,Foxes,JakeUpTheLeft,493,1,1,3,3,
6,2,96,Foxes,Hive,Kat,423,1,0,2,5,
6,2,96,Foxes,Hive,Wubby,436,0,1,2,2,
6,2,96,Hive,Foxes,crossfire8255,443,1,0,1,4,
6,2,96,Hive,Foxes,JakeUpTheLeft,437,1,0,2,2,
6,3,96,Foxes,Hive,Kat,314,1,0,0,5,
6,3,96,Foxes,Hive,Wubby,421,1,0,2,2,
6,3,96,Hive,Foxes,crossfire8255,562,2,2,1,5,
6,3,96,Hive,Foxes,JakeUpTheLeft,977,4,2,3,4,
6,4,96,Foxes,Hive,Kat,714,3,3,0,4,
6,4,96,Foxes,Hive,Wubby,1178,5,3,1,11,
6,4,96,Hive,Foxes,crossfire8255,552,1,0,4,3,
6,4,96,Hive,Foxes,JakeUpTheLeft,436,1,1,2,2,
6,5,96,Foxes,Hive,Kat,408,1,1,1,3,
6,5,96,Foxes,Hive,Wubby,573,3,0,2,4,
6,5,96,Hive,Foxes,crossfire8255,637,1,3,2,4,
6,5,96,Hive,Foxes,JakeUpTheLeft,696,4,0,0,6,
7,1,97,Bears,Knights,Ryder,330,0,1,1,1,
7,1,97,Bears,Knights,Kracerlink,326,1,0,1,3,
7,1,97,Knights,Bears,MikeIsMyIke,490,1,2,1,4,
7,1,97,Knights,Bears,OGkrish,436,2,0,0,6,
7,2,97,Bears,Knights,Ryder,464,2,1,0,3,
7,2,97,Bears,Knights,Kracerlink,584,2,2,0,5,
7,2,97,Knights,Bears,MikeIsMyIke,459,0,3,2,1,
7,2,97,Knights,Bears,OGkrish,866,5,0,1,4,
7,3,97,Bears,Knights,Ryder,444,0,0,3,4,
7,3,97,Bears,Knights,Kracerlink,222,0,0,0,1,
7,3,97,Knights,Bears,MikeIsMyIke,391,0,1,1,2,
7,3,97,Knights,Bears,OGkrish,486,1,0,3,1,
7,4,97,Bears,Knights,Ryder,274,0,0,1,2,
7,4,97,Bears,Knights,Kracerlink,370,1,0,1,4,
7,4,97,Knights,Bears,MikeIsMyIke,467,1,1,2,4,
7,4,97,Knights,Bears,OGkrish,763,3,1,2,4,
7,5,97,Bears,Knights,Ryder,549,2,1,2,5,
7,5,97,Bears,Knights,Kracerlink,691,2,2,2,5,
7,5,97,Knights,Bears,MikeIsMyIke,789,4,1,1,8,
7,5,97,Knights,Bears,OGkrish,498,1,2,2,2,
7,1,98,Pirates,Rhinos,Crey2k,406,0,1,2,3,
7,1,98,Pirates,Rhinos,RED,402,1,0,1,2,
7,1,98,Rhinos,Pirates,kcscrag,510,2,0,1,6,
7,1,98,Rhinos,Pirates,Fluffy_Eagle,413,0,1,2,3,
7,2,98,Pirates,Rhinos,Crey2k,600,2,2,2,3,
7,2,98,Pirates,Rhinos,RED,523,3,0,0,5,
7,2,98,Rhinos,Pirates,kcscrag,136,0,0,0,0,
7,2,98,Rhinos,Pirates,Fluffy_Eagle,236,0,0,1,2,
7,3,98,Pirates,Rhinos,Crey2k,728,3,1,0,8,
7,3,98,Pirates,Rhinos,RED,916,1,3,5,4,
7,3,98,Rhinos,Pirates,kcscrag,840,2,1,4,5,
7,3,98,Rhinos,Pirates,Fluffy_Eagle,574,1,2,1,4,
7,4,98,Pirates,Rhinos,Crey2k,366,1,0,1,3,
7,4,98,Pirates,Rhinos,RED,278,1,0,0,3,
7,4,98,Rhinos,Pirates,kcscrag,539,2,1,2,3,
7,4,98,Rhinos,Pirates,Fluffy_Eagle,424,2,1,1,3,
7,5,98,Pirates,Rhinos,Crey2k,292,0,0,1,1,
7,5,98,Pirates,Rhinos,RED,468,1,0,2,5,
7,5,98,Rhinos,Pirates,kcscrag,746,1,2,4,2,
7,5,98,Rhinos,Pirates,Fluffy_Eagle,452,2,0,1,3,
7,1,99,Outlaws,Wizards,notmike,238,0,0,1,2,
7,1,99,Outlaws,Wizards,Xivilai47,198,0,0,1,3,
7,1,99,Wizards,Outlaws,KittenDuck,490,1,1,2,3,
7,1,99,Wizards,Outlaws,Jimmer,426,2,0,1,3,
7,2,99,Outlaws,Wizards,notmike,440,0,1,4,2,
7,2,99,Outlaws,Wizards,Xivilai47,550,1,0,3,2,
7,2,99,Wizards,Outlaws,KittenDuck,801,3,1,3,6,
7,2,99,Wizards,Outlaws,Jimmer,324,1,0,0,5,
7,3,99,Outlaws,Wizards,notmike,360,0,0,3,3,
7,3,99,Outlaws,Wizards,Xivilai47,416,1,0,1,3,
7,3,99,Wizards,Outlaws,KittenDuck,487,1,1,2,3,
7,3,99,Wizards,Outlaws,Jimmer,433,1,1,1,6,
7,4,99,Outlaws,Wizards,notmike,374,1,0,2,2,
7,4,99,Outlaws,Wizards,Xivilai47,180,0,0,1,2,
7,4,99,Wizards,Outlaws,KittenDuck,426,1,1,1,1,
7,4,99,Wizards,Outlaws,Jimmer,514,2,0,2,4,
7,5,99,Outlaws,Wizards,notmike,576,2,0,2,5,
7,5,99,Outlaws,Wizards,Xivilai47,162,0,0,1,1,
7,5,99,Wizards,Outlaws,KittenDuck,583,1,1,4,4,
7,5,99,Wizards,Outlaws,Jimmer,488,2,0,1,5,
7,1,100,Demolition,Sabres,Bandicoot,453,2,0,0,3,
7,1,100,Demolition,Sabres,Script,316,0,1,1,4,
7,1,100,Sabres,Demolition,easy359,561,1,0,3,4,
7,1,100,Sabres,Demolition,K3v,249,0,0,2,1,
7,2,100,Demolition,Sabres,Bandicoot,708,2,3,2,6,
7,2,100,Demolition,Sabres,Script,837,4,2,1,4,
7,2,100,Sabres,Demolition,easy359,498,2,0,1,5,
7,2,100,Sabres,Demolition,K3v,425,1,0,3,1,
7,3,100,Demolition,Sabres,Bandicoot,536,1,2,2,4,
7,3,100,Demolition,Sabres,Script,636,3,0,2,6,
7,3,100,Sabres,Demolition,easy359,262,0,0,1,3,
7,3,100,Sabres,Demolition,K3v,490,1,0,4,3,
7,4,100,Demolition,Sabres,Bandicoot,647,2,3,1,7,
7,4,100,Demolition,Sabres,Script,817,4,2,1,5,
7,4,100,Sabres,Demolition,easy359,697,3,1,1,5,
7,4,100,Sabres,Demolition,K3v,496,1,1,3,2,
7,5,100,Demolition,Sabres,Bandicoot,394,0,2,1,2,
7,5,100,Demolition,Sabres,Script,464,2,0,1,5,
7,5,100,Sabres,Demolition,easy359,623,3,0,0,4,
7,5,100,Sabres,Demolition,K3v,336,0,2,1,1,
7,1,101,Elite,Bulls,hazelnutlatte,443,0,2,2,8,
7,1,101,Elite,Bulls,Demonic,432,2,0,0,5,
7,1,101,Bulls,Elite,Vandy_,989,3,0,6,5,
7,1,101,Bulls,Elite,Moosey,437,0,1,2,2,
7,2,101,Elite,Bulls,hazelnutlatte,628,2,0,3,4,
7,2,101,Elite,Bulls,Demonic,571,0,2,3,0,
7,2,101,Bulls,Elite,Vandy_,555,3,0,2,6,
7,2,101,Bulls,Elite,Moosey,413,0,3,0,3,
7,3,101,Elite,Bulls,hazelnutlatte,451,0,0,3,1,
7,3,101,Elite,Bulls,Demonic,194,0,0,0,2,
7,3,101,Bulls,Elite,Vandy_,482,1,0,3,2,
7,3,101,Bulls,Elite,Moosey,256,0,0,0,2,
7,4,101,Elite,Bulls,hazelnutlatte,346,0,1,2,1,
7,4,101,Elite,Bulls,Demonic,328,1,0,1,2,
7,4,101,Bulls,Elite,Vandy_,206,0,2,0,2,
7,4,101,Bulls,Elite,Moosey,837,4,0,1,7,
7,5,101,Elite,Bulls,hazelnutlatte,646,2,0,3,4,
7,5,101,Elite,Bulls,Demonic,472,0,1,3,0,
7,5,101,Bulls,Elite,Vandy_,432,2,1,0,7,
7,5,101,Bulls,Elite,Moosey,455,1,0,2,3,
7,1,102,Dodgers,Flames,Minamacky,564,1,1,2,4,
7,1,102,Dodgers,Flames,InanimateJ,645,3,1,2,2,
7,1,102,Flames,Dodgers,Insomnia,414,1,1,0,5,
7,1,102,Flames,Dodgers,Fittz,343,1,0,1,2,
7,2,102,Dodgers,Flames,Minamacky,687,2,3,2,5,
7,2,102,Dodgers,Flames,InanimateJ,735,4,1,1,7,
7,2,102,Flames,Dodgers,Insomnia,559,1,0,4,2,
7,2,102,Flames,Dodgers,Fittz,252,0,0,2,2,
7,3,102,Dodgers,Flames,Minamacky,680,2,3,1,5,
7,3,102,Dodgers,Flames,InanimateJ,769,4,0,2,6,
7,3,102,Flames,Dodgers,Insomnia,411,1,0,2,4,
7,3,102,Flames,Dodgers,Fittz,248,0,0,2,1,
7,4,102,Dodgers,Flames,Minamacky,380,1,1,0,2,
7,4,102,Dodgers,Flames,InanimateJ,611,3,0,1,7,
7,4,102,Flames,Dodgers,Insomnia,222,0,0,1,1,
7,4,102,Flames,Dodgers,Fittz,299,1,0,1,1,
7,5,102,Dodgers,Flames,Minamacky,452,1,1,0,4,
7,5,102,Dodgers,Flames,InanimateJ,492,1,1,1,5,
7,5,102,Flames,Dodgers,Insomnia,736,2,1,5,2,
7,5,102,Flames,Dodgers,Fittz,302,1,1,0,2,
7,1,103,Hurricanes,Pandas,DemonicWool,534,2,0,0,6,
7,1,103,Hurricanes,Pandas,Ondo,160,0,0,0,2,
7,1,103,Pandas,Hurricanes,The Law,460,1,1,1,2,
7,1,103,Pandas,Hurricanes,Unforgiven,722,3,1,1,4,
7,2,103,Hurricanes,Pandas,DemonicWool,352,0,1,2,2,
7,2,103,Hurricanes,Pandas,Ondo,260,1,0,0,1,
7,2,103,Pandas,Hurricanes,The Law,502,1,2,0,3,
7,2,103,Pandas,Hurricanes,Unforgiven,669,3,1,1,4,
7,3,103,Hurricanes,Pandas,DemonicWool,618,2,1,2,5,
7,3,103,Hurricanes,Pandas,Ondo,382,1,0,2,3,
7,3,103,Pandas,Hurricanes,The Law,767,3,0,4,5,
7,3,103,Pandas,Hurricanes,Unforgiven,444,1,2,1,1,
7,4,103,Hurricanes,Pandas,DemonicWool,337,0,0,3,1,
7,4,103,Hurricanes,Pandas,Ondo,460,1,0,3,2,
7,4,103,Pandas,Hurricanes,The Law,515,0,3,1,6,
7,4,103,Pandas,Hurricanes,Unforgiven,707,4,0,1,5,
7,5,103,Hurricanes,Pandas,DemonicWool,468,2,0,1,6,
7,5,103,Hurricanes,Pandas,Ondo,402,1,1,2,2,
7,5,103,Pandas,Hurricanes,The Law,212,0,1,1,0,
7,5,103,Pandas,Hurricanes,Unforgiven,622,2,0,3,5,
7,1,104,Spectre,Tyrants,Mythonian,631,3,0,2,4,
7,1,104,Spectre,Tyrants,JorbyPls,359,0,1,1,2,
7,1,104,Tyrants,Spectre,TruSolja,801,4,0,2,10,
7,1,104,Tyrants,Spectre,Majik,522,2,1,1,4,
7,2,104,Spectre,Tyrants,Mythonian,607,2,0,3,2,
7,2,104,Spectre,Tyrants,JorbyPls,312,1,1,1,2,
7,2,104,Tyrants,Spectre,TruSolja,294,0,2,0,4,
7,2,104,Tyrants,Spectre,Majik,809,5,0,1,7,
7,3,104,Spectre,Tyrants,Mythonian,540,1,1,3,2,
7,3,104,Spectre,Tyrants,JorbyPls,559,1,1,3,2,
7,3,104,Tyrants,Spectre,TruSolja,556,1,3,1,3,
7,3,104,Tyrants,Spectre,Majik,754,3,0,3,9,
7,4,104,Spectre,Tyrants,Mythonian,318,1,0,1,3,
7,4,104,Spectre,Tyrants,JorbyPls,136,0,0,0,5,
7,4,104,Tyrants,Spectre,TruSolja,1067,6,1,1,6,
7,4,104,Tyrants,Spectre,Majik,789,1,4,4,5,
7,5,104,Spectre,Tyrants,Mythonian,346,0,1,2,0,
7,5,104,Spectre,Tyrants,JorbyPls,513,1,0,2,2,
7,5,104,Tyrants,Spectre,TruSolja,506,2,1,0,6,
7,5,104,Tyrants,Spectre,Majik,370,1,1,1,4,
7,1,105,Blizzard,Puffins,Koalemos,1064,6,1,2,7,
7,1,105,Blizzard,Puffins,Icey6,898,2,5,4,4,
7,1,105,Puffins,Blizzard,InvaderZed,436,0,2,1,3,
7,1,105,Puffins,Blizzard,SchellRL,434,2,0,1,5,
7,2,105,Blizzard,Puffins,Koalemos,688,1,2,2,6,
7,2,105,Blizzard,Puffins,Icey6,1180,3,1,6,5,
7,2,105,Puffins,Blizzard,InvaderZed,965,2,1,4,6,
7,2,105,Puffins,Blizzard,SchellRL,552,1,2,0,7,
7,3,105,Blizzard,Puffins,Koalemos,764,1,2,3,2,
7,3,105,Blizzard,Puffins,Icey6,364,2,0,0,2,
7,3,105,Puffins,Blizzard,InvaderZed,238,0,0,1,2,
7,3,105,Puffins,Blizzard,SchellRL,182,0,0,0,3,
7,4,105,Blizzard,Puffins,Koalemos,755,1,3,3,3,
7,4,105,Blizzard,Puffins,Icey6,1042,6,1,1,9,
7,4,105,Puffins,Blizzard,InvaderZed,692,3,0,2,7,
7,4,105,Puffins,Blizzard,SchellRL,356,0,2,1,4,
7,5,105,Blizzard,Puffins,Koalemos,681,2,3,2,2,
7,5,105,Blizzard,Puffins,Icey6,881,4,2,2,5,
7,5,105,Puffins,Blizzard,InvaderZed,540,0,3,2,4,
7,5,105,Puffins,Blizzard,SchellRL,503,3,0,0,2,
7,1,106,Aviators,Hawks,Jdubbz,514,0,2,3,2,
7,1,106,Aviators,Hawks,Fllassh,511,3,0,0,4,
7,1,106,Hawks,Aviators,Bel,766,4,0,1,7,
7,1,106,Hawks,Aviators,Hell,264,0,1,1,0,
7,2,106,Aviators,Hawks,Jdubbz,497,1,1,3,3,
7,2,106,Aviators,Hawks,Fllassh,480,1,0,1,5,
7,2,106,Hawks,Aviators,Bel,671,3,0,2,5,
7,2,106,Hawks,Aviators,Hell,306,0,0,2,2,
7,3,106,Aviators,Hawks,Jdubbz,618,2,2,2,4,
7,3,106,Aviators,Hawks,Fllassh,709,3,2,1,3,
7,3,106,Hawks,Aviators,Bel,286,0,1,1,3,
7,3,106,Hawks,Aviators,Hell,482,2,0,0,5,
7,4,106,Aviators,Hawks,Jdubbz,742,1,3,3,3,
7,4,106,Aviators,Hawks,Fllassh,519,3,0,0,5,
7,4,106,Hawks,Aviators,Bel,602,1,2,2,4,
7,4,106,Hawks,Aviators,Hell,474,2,1,0,4,
7,5,106,Aviators,Hawks,Jdubbz,793,5,1,0,6,
7,5,106,Aviators,Hawks,Fllassh,487,1,3,1,4,
7,5,106,Hawks,Aviators,Bel,422,1,0,2,2,
7,5,106,Hawks,Aviators,Hell,364,1,0,2,2,
7,1,107,Shadow,Express,euronate,162,0,0,0,2,
7,1,107,Shadow,Express,Thunder,269,0,0,1,6,
7,1,107,Express,Shadow,Flog Pops,502,1,1,3,2,
7,1,107,Express,Shadow,Lad,493,2,0,1,2,
7,2,107,Shadow,Express,euronate,361,1,0,2,3,
7,2,107,Shadow,Express,Thunder,569,0,1,4,3,
7,2,107,Express,Shadow,Flog Pops,636,1,1,3,4,
7,2,107,Express,Shadow,Lad,441,2,0,1,5,
7,3,107,Shadow,Express,euronate,847,3,2,2,7,
7,3,107,Shadow,Express,Thunder,1014,3,2,2,10,
7,3,107,Express,Shadow,Flog Pops,1078,4,1,2,7,
7,3,107,Express,Shadow,Lad,998,1,2,7,4,
7,4,107,Shadow,Express,euronate,551,2,1,1,2,
7,4,107,Shadow,Express,Thunder,638,2,2,1,4,
7,4,107,Express,Shadow,Flog Pops,609,2,0,1,3,
7,4,107,Express,Shadow,Lad,398,1,1,0,2,
7,5,107,Shadow,Express,euronate,196,0,0,0,3,
7,5,107,Shadow,Express,Thunder,422,1,0,1,5,
7,5,107,Express,Shadow,Flog Pops,748,3,0,4,2,
7,5,107,Express,Shadow,Lad,256,0,1,1,1,
7,1,108,Eclipse,Lightning,Ech0,667,2,0,4,4,
7,1,108,Eclipse,Lightning,Tyler,462,0,1,2,1,
7,1,108,Lightning,Eclipse,Magnus,727,2,2,2,6,
7,1,108,Lightning,Eclipse,Sleepless,378,2,1,0,5,
7,2,108,Eclipse,Lightning,Ech0,453,0,3,1,3,
7,2,108,Eclipse,Lightning,Tyler,609,3,0,1,7,
7,2,108,Lightning,Eclipse,Magnus,889,1,0,3,7,
7,2,108,Lightning,Eclipse,Sleepless,458,1,2,1,2,
7,3,108,Eclipse,Lightning,Ech0,749,3,0,4,2,
7,3,108,Eclipse,Lightning,Tyler,373,0,0,3,3,
7,3,108,Lightning,Eclipse,Magnus,466,1,0,2,7,
7,3,108,Lightning,Eclipse,Sleepless,218,0,1,0,2,
7,4,108,Eclipse,Lightning,Ech0,284,1,0,1,2,
7,4,108,Eclipse,Lightning,Tyler,244,0,1,0,5,
7,4,108,Lightning,Eclipse,Magnus,829,3,0,3,6,
7,4,108,Lightning,Eclipse,Sleepless,243,0,0,2,0,
7,5,108,Eclipse,Lightning,Ech0,589,2,1,0,7,
7,5,108,Eclipse,Lightning,Tyler,446,1,1,1,5,
7,5,108,Lightning,Eclipse,Magnus,710,2,0,3,5,
7,5,108,Lightning,Eclipse,Sleepless,248,0,1,1,0,
7,1,109,Comets,Sharks,Thunderbug95,436,1,0,1,2,
7,1,109,Comets,Sharks,Badgey,265,0,0,2,1,
7,1,109,Sharks,Comets,Scoobert Doobert,557,1,2,1,2,
7,1,109,Sharks,Comets,GreatGodZeus,386,2,0,0,5,
7,2,109,Comets,Sharks,Thunderbug95,338,0,0,2,0,
7,2,109,Comets,Sharks,Badgey,340,1,0,2,1,
7,2,109,Sharks,Comets,Scoobert Doobert,472,1,2,1,4,
7,2,109,Sharks,Comets,GreatGodZeus,456,2,1,0,3,
7,3,109,Comets,Sharks,Thunderbug95,412,1,1,2,2,
7,3,109,Comets,Sharks,Badgey,571,2,1,2,4,
7,3,109,Sharks,Comets,Scoobert Doobert,940,4,4,0,9,
7,3,109,Sharks,Comets,GreatGodZeus,1241,6,2,3,9,
7,4,109,Comets,Sharks,Thunderbug95,292,0,0,2,3,
7,4,109,Comets,Sharks,Badgey,717,3,0,1,6,
7,4,109,Sharks,Comets,Scoobert Doobert,973,3,3,4,5,
7,4,109,Sharks,Comets,GreatGodZeus,589,3,1,0,4,
7,5,109,Comets,Sharks,Thunderbug95,345,0,1,2,2,
7,5,109,Comets,Sharks,Badgey,671,3,0,2,7,
7,5,109,Sharks,Comets,Scoobert Doobert,629,2,1,2,4,
7,5,109,Sharks,Comets,GreatGodZeus,585,2,0,2,6,
7,1,110,Jets,Ducks,Icyymike,150,1,1,1,1,x
7,1,110,Jets,Ducks,Rushy,150,1,1,1,1,x
7,1,110,Ducks,Jets,GoldenGomez,50,0,0,0,1,x
7,1,110,Ducks,Jets,Rolamin,50,0,0,0,1,x
7,2,110,Jets,Ducks,Icyymike,150,1,1,1,1,x
7,2,110,Jets,Ducks,Rushy,150,1,1,1,1,x
7,2,110,Ducks,Jets,GoldenGomez,50,0,0,0,1,x
7,2,110,Ducks,Jets,Rolamin,50,0,0,0,1,x
7,3,110,Jets,Ducks,Icyymike,150,1,1,1,1,x
7,3,110,Jets,Ducks,Rushy,150,1,1,1,1,x
7,3,110,Ducks,Jets,GoldenGomez,50,0,0,0,1,x
7,3,110,Ducks,Jets,Rolamin,50,0,0,0,1,x
7,4,110,Jets,Ducks,Icyymike,150,1,1,1,1,x
7,4,110,Jets,Ducks,Rushy,150,1,1,1,1,x
7,4,110,Ducks,Jets,GoldenGomez,50,0,0,0,1,x
7,4,110,Ducks,Jets,Rolamin,50,0,0,0,1,x
7,5,110,Jets,Ducks,Icyymike,150,1,1,1,1,x
7,5,110,Jets,Ducks,Rushy,150,1,1,1,1,x
7,5,110,Ducks,Jets,GoldenGomez,50,0,0,0,1,x
7,5,110,Ducks,Jets,Rolamin,50,0,0,0,1,x
7,1,111,Wolves,Foxes,Wray,570,2,1,1,4,
7,1,111,Wolves,Foxes,Arrogantmeat,448,2,1,1,3,
7,1,111,Foxes,Wolves,Thunderballs,577,2,1,2,4,
7,1,111,Foxes,Wolves,Kat,575,3,1,0,3,
7,2,111,Wolves,Foxes,Wray,551,1,1,3,3,
7,2,111,Wolves,Foxes,Arrogantmeat,349,1,0,1,3,
7,2,111,Foxes,Wolves,Thunderballs,504,1,2,1,5,
7,2,111,Foxes,Wolves,Kat,452,2,0,0,5,
7,3,111,Wolves,Foxes,Wray,445,1,1,2,2,
7,3,111,Wolves,Foxes,Arrogantmeat,517,1,1,3,2,
7,3,111,Foxes,Wolves,Thunderballs,274,0,1,0,3,
7,3,111,Foxes,Wolves,Kat,630,3,0,0,6,
7,4,111,Wolves,Foxes,Wray,700,3,1,2,4,
7,4,111,Wolves,Foxes,Arrogantmeat,470,1,2,1,4,
7,4,111,Foxes,Wolves,Thunderballs,452,2,0,1,3,
7,4,111,Foxes,Wolves,Kat,412,1,2,0,4,
7,5,111,Wolves,Foxes,Wray,436,1,0,1,1,
7,5,111,Wolves,Foxes,Arrogantmeat,180,0,1,0,2,
7,5,111,Foxes,Wolves,Thunderballs,591,2,1,1,2,
7,5,111,Foxes,Wolves,Kat,350,1,1,0,2,
7,1,112,Spartans,Hive,Sushii,797,2,2,2,9,
7,1,112,Spartans,Hive,Cali,621,2,2,1,6,
7,1,112,Hive,Spartans,Chase,818,3,0,5,3,
7,1,112,Hive,Spartans,crossfire8255,594,0,2,4,3,
7,2,112,Spartans,Hive,Sushii,520,1,0,3,3,
7,2,112,Spartans,Hive,Cali,542,2,0,2,4,
7,2,112,Hive,Spartans,Chase,486,1,1,2,5,
7,2,112,Hive,Spartans,crossfire8255,490,1,1,2,2,
7,3,112,Spartans,Hive,Sushii,576,1,2,1,3,
7,3,112,Spartans,Hive,Cali,646,2,0,1,7,
7,3,112,Hive,Spartans,Chase,402,0,2,1,2,
7,3,112,Hive,Spartans,crossfire8255,705,2,0,3,2,
7,4,112,Spartans,Hive,Sushii,436,0,0,3,2,
7,4,112,Spartans,Hive,Cali,312,1,0,0,4,
7,4,112,Hive,Spartans,Chase,653,2,2,2,2,
7,4,112,Hive,Spartans,crossfire8255,734,3,0,3,3,
7,5,112,Spartans,Hive,Sushii,267,0,0,2,3,
7,5,112,Spartans,Hive,Cali,299,0,0,1,2,
7,5,112,Hive,Spartans,Chase,506,1,3,1,2,
7,5,112,Hive,Spartans,crossfire8255,673,3,1,1,4,