,,,,,,Player Statlines,,,,,
Week,Game,Match ID,Team,Opponent,Player,Sc,G,A,Sv,Sh,NCP
1,1,1,Bulls,Hurricanes,RainbowNoms,497,1,0,3,3,
1,1,1,Bulls,Hurricanes,Tagmata,389,1,0,1,5,
1,1,1,Hurricanes,Bulls,Peabs,793,3,0,3,5,
1,1,1,Hurricanes,Bulls,synthex,286,0,1,1,4,
1,2,1,Bulls,Hurricanes,RainbowNoms,510,1,2,1,3,
1,2,1,Bulls,Hurricanes,Tagmata,886,4,0,2,4,
1,2,1,Hurricanes,Bulls,Peabs,556,2,0,1,4,
1,2,1,Hurricanes,Bulls,synthex,258,0,1,0,3,
1,3,1,Bulls,Hurricanes,RainbowNoms,330,0,1,1,2,
1,3,1,Bulls,Hurricanes,Tagmata,641,2,0,2,6,
1,3,1,Hurricanes,Bulls,Peabs,763,2,1,3,3,
1,3,1,Hurricanes,Bulls,synthex,473,1,0,2,2,
1,4,1,Bulls,Hurricanes,RainbowNoms,820,3,2,2,8,
1,4,1,Bulls,Hurricanes,Tagmata,806,3,1,3,5,
1,4,1,Hurricanes,Bulls,Peabs,505,1,0,3,3,
1,4,1,Hurricanes,Bulls,synthex,431,1,0,3,5,
1,5,1,Bulls,Hurricanes,RainbowNoms,476,0,2,2,6,
1,5,1,Bulls,Hurricanes,Tagmata,613,3,0,2,5,
1,5,1,Hurricanes,Bulls,Peabs,662,1,0,6,2,
1,5,1,Hurricanes,Bulls,synthex,349,0,1,1,3,
1,1,2,Elite,Spectre,El Diablo Rojo,328,1,0,0,4,
1,1,2,Elite,Spectre,Codex,206,0,0,0,5,
1,1,2,Spectre,Elite,Plum,710,3,1,2,4,
1,1,2,Spectre,Elite,PuffTheDargon,471,1,0,3,1,
1,2,2,Elite,Spectre,El Diablo Rojo,376,1,0,2,4,
1,2,2,Elite,Spectre,Codex,574,2,1,1,5,
1,2,2,Spectre,Elite,Plum,656,2,2,2,5,
1,2,2,Spectre,Elite,PuffTheDargon,504,2,0,2,4,
1,3,2,Elite,Spectre,El Diablo Rojo,567,1,0,3,4,
1,3,2,Elite,Spectre,Codex,424,1,1,0,4,
1,3,2,Spectre,Elite,Plum,847,3,0,3,4,
1,3,2,Spectre,Elite,PuffTheDargon,380,0,2,1,3,
1,4,2,Elite,Spectre,El Diablo Rojo,386,0,0,3,2,
1,4,2,Elite,Spectre,Codex,469,1,0,3,2,
1,4,2,Spectre,Elite,Plum,359,0,0,2,3,
1,4,2,Spectre,Elite,PuffTheDargon,188,0,0,0,3,
1,5,2,Elite,Spectre,El Diablo Rojo,490,1,1,2,6,
1,5,2,Elite,Spectre,Codex,606,2,1,2,5,
1,5,2,Spectre,Elite,Plum,637,2,0,3,3,
1,5,2,Spectre,Elite,PuffTheDargon,360,0,2,2,2,
1,1,3,Tyrants,Flames,Fuzh,450,1,1,1,4,
1,1,3,Tyrants,Flames,Barry Allen,532,1,0,3,3,
1,1,3,Flames,Tyrants,SmilezRL,598,2,1,1,4,
1,1,3,Flames,Tyrants,whale,607,1,1,4,3,
1,2,3,Tyrants,Flames,Fuzh,555,1,0,2,5,
1,2,3,Tyrants,Flames,Barry Allen,304,1,0,1,3,
1,2,3,Flames,Tyrants,SmilezRL,668,1,2,3,1,
1,2,3,Flames,Tyrants,whale,457,2,0,1,4,
1,3,3,Tyrants,Flames,Fuzh,915,5,0,1,8,
1,3,3,Tyrants,Flames,Barry Allen,421,0,3,1,1,
1,3,3,Flames,Tyrants,SmilezRL,650,3,0,1,4,
1,3,3,Flames,Tyrants,whale,505,1,2,2,3,
1,4,3,Tyrants,Flames,Fuzh,574,2,2,1,3,
1,4,3,Tyrants,Flames,Barry Allen,907,4,2,2,8,
1,4,3,Flames,Tyrants,SmilezRL,454,1,1,3,2,
1,4,3,Flames,Tyrants,whale,457,1,1,1,6,
1,5,3,Tyrants,Flames,Fuzh,587,1,2,2,4,
1,5,3,Tyrants,Flames,Barry Allen,605,2,1,2,6,
1,5,3,Flames,Tyrants,SmilezRL,561,0,2,4,2,
1,5,3,Flames,Tyrants,whale,647,4,0,0,6,
1,1,4,Pandas,Dodgers,dan720,657,3,1,2,6,
1,1,4,Pandas,Dodgers,MapleSurrup,651,1,3,3,3,
1,1,4,Dodgers,Pandas,Red Line,465,1,0,2,4,
1,1,4,Dodgers,Pandas,Whiffles,312,1,1,0,4,
1,2,4,Pandas,Dodgers,dan720,464,2,0,2,2,
1,2,4,Pandas,Dodgers,MapleSurrup,233,0,1,1,1,
1,2,4,Dodgers,Pandas,Red Line,522,1,2,1,4,
1,2,4,Dodgers,Pandas,Whiffles,434,2,1,0,4,
1,3,4,Pandas,Dodgers,dan720,238,0,0,1,8,
1,3,4,Pandas,Dodgers,MapleSurrup,486,2,0,1,4,
1,3,4,Dodgers,Pandas,Red Line,726,1,1,4,3,
1,3,4,Dodgers,Pandas,Whiffles,839,3,1,4,5,
1,4,4,Pandas,Dodgers,dan720,727,3,1,2,5,
1,4,4,Pandas,Dodgers,MapleSurrup,694,3,1,1,6,
1,4,4,Dodgers,Pandas,Red Line,486,0,0,4,1,
1,4,4,Dodgers,Pandas,Whiffles,342,1,0,0,3,
1,5,4,Pandas,Dodgers,dan720,400,0,2,2,1,
1,5,4,Pandas,Dodgers,MapleSurrup,426,2,0,1,5,
1,5,4,Dodgers,Pandas,Red Line,619,1,1,3,3,
1,5,4,Dodgers,Pandas,Whiffles,474,2,1,1,3,
1,1,5,Comets,Spartans,Tunloink,559,3,0,1,4,
1,1,5,Comets,Spartans,isosolo,485,1,0,3,4,
1,1,5,Spartans,Comets,Blagden,252,1,0,0,1,
1,1,5,Spartans,Comets,kccolts81,408,0,1,2,2,
1,2,5,Comets,Spartans,Tunloink,701,4,0,0,7,
1,2,5,Comets,Spartans,isosolo,270,1,1,0,3,
1,2,5,Spartans,Comets,Blagden,252,1,0,0,1,
1,2,5,Spartans,Comets,kccolts81,408,0,1,2,2,
1,3,5,Comets,Spartans,Tunloink,574,2,1,2,7,
1,3,5,Comets,Spartans,isosolo,508,2,1,1,6,
1,3,5,Spartans,Comets,Blagden,675,3,1,2,5,
1,3,5,Spartans,Comets,kccolts81,732,2,2,3,3,
1,4,5,Comets,Spartans,Tunloink,883,5,2,0,8,
1,4,5,Comets,Spartans,isosolo,815,2,4,2,5,
1,4,5,Spartans,Comets,Blagden,539,2,0,1,2,
1,4,5,Spartans,Comets,kccolts81,354,0,1,2,2,
1,5,5,Comets,Spartans,Tunloink,1069,3,3,5,7,
1,5,5,Comets,Spartans,isosolo,912,4,2,1,5,
1,5,5,Spartans,Comets,Blagden,667,2,3,1,7,
1,5,5,Spartans,Comets,kccolts81,1101,4,2,3,7,
1,1,6,Jets,Sharks,Kunics,498,2,2,0,4,
1,1,6,Jets,Sharks,Bond Brother,886,3,2,2,9,
1,1,6,Sharks,Jets,Jdaaab,681,3,1,3,5,
1,1,6,Sharks,Jets,Mish,414,1,1,2,0,
1,2,6,Jets,Sharks,Kunics,436,0,2,2,5,
1,2,6,Jets,Sharks,Bond Brother,839,3,0,3,9,
1,2,6,Sharks,Jets,Jdaaab,676,1,1,4,5,
1,2,6,Sharks,Jets,Mish,519,1,1,2,4,
1,3,6,Jets,Sharks,Kunics,532,2,0,1,4,
1,3,6,Jets,Sharks,Bond Brother,451,1,1,2,1,
1,3,6,Sharks,Jets,Jdaaab,462,2,0,0,3,
1,3,6,Sharks,Jets,Mish,236,0,0,1,3,
1,4,6,Jets,Sharks,Kunics,422,1,1,2,2,
1,4,6,Jets,Sharks,Bond Brother,568,1,1,3,3,
1,4,6,Sharks,Jets,Jdaaab,459,2,0,2,1,
1,4,6,Sharks,Jets,Mish,825,4,1,1,11,
1,5,6,Jets,Sharks,Kunics,396,1,1,1,4,
1,5,6,Jets,Sharks,Bond Brother,384,1,0,2,5,
1,5,6,Sharks,Jets,Jdaaab,708,1,3,5,1,
1,5,6,Sharks,Jets,Mish,798,3,1,3,6,
1,1,7,Wolves,Hive,Dazerin,671,3,2,1,6,
1,1,7,Wolves,Hive,Sean,609,2,2,1,5,
1,1,7,Hive,Wolves,Squidd,556,2,0,2,4,
1,1,7,Hive,Wolves,KILT,380,1,1,1,2,
1,2,7,Wolves,Hive,Dazerin,336,1,1,0,1,
1,2,7,Wolves,Hive,Sean,746,3,1,1,7,
1,2,7,Hive,Wolves,Squidd,417,0,2,1,1,
1,2,7,Hive,Wolves,KILT,448,2,0,1,2,
1,3,7,Wolves,Hive,Dazerin,501,1,0,3,3,
1,3,7,Wolves,Hive,Sean,481,0,0,5,2,
1,3,7,Hive,Wolves,Squidd,696,2,0,4,7,
1,3,7,Hive,Wolves,KILT,292,0,1,1,5,
1,4,7,Wolves,Hive,Dazerin,429,1,1,2,4,
1,4,7,Wolves,Hive,Sean,518,2,1,1,4,
1,4,7,Hive,Wolves,Squidd,774,3,1,3,4,
1,4,7,Hive,Wolves,KILT,576,1,2,2,3,
1,5,7,Wolves,Hive,Dazerin,248,0,0,1,4,
1,5,7,Wolves,Hive,Sean,304,0,0,1,5,
1,5,7,Hive,Wolves,Squidd,914,2,1,5,3,
1,5,7,Hive,Wolves,KILT,479,1,0,2,4,
1,1,8,Ducks,Foxes,Mateo,649,3,0,1,9,
1,1,8,Ducks,Foxes,Giant,552,0,2,4,2,
1,1,8,Foxes,Ducks,Apollo,951,3,0,6,7,
1,1,8,Foxes,Ducks,Atokad,474,1,1,2,4,
1,2,8,Ducks,Foxes,Mateo,865,3,1,4,3,
1,2,8,Ducks,Foxes,Giant,494,1,2,2,3,
1,2,8,Foxes,Ducks,Apollo,234,0,0,0,5,
1,2,8,Foxes,Ducks,Atokad,342,1,0,0,6,
1,3,8,Ducks,Foxes,Mateo,550,2,0,1,4,
1,3,8,Ducks,Foxes,Giant,452,1,1,1,5,
1,3,8,Foxes,Ducks,Apollo,449,1,0,1,4,
1,3,8,Foxes,Ducks,Atokad,533,1,1,3,3,
1,4,8,Ducks,Foxes,Mateo,690,1,0,4,2,
1,4,8,Ducks,Foxes,Giant,676,1,1,4,5,
1,4,8,Foxes,Ducks,Apollo,460,1,2,1,6,
1,4,8,Foxes,Ducks,Atokad,797,2,1,2,7,
1,5,8,Ducks,Foxes,Mateo,411,0,0,3,3,
1,5,8,Ducks,Foxes,Giant,361,1,0,2,1,
1,5,8,Foxes,Ducks,Apollo,517,2,0,1,4,
1,5,8,Foxes,Ducks,Atokad,530,2,0,2,5,
2,1,9,Bulls,Tyrants,Tagmata,398,0,0,4,2,
2,1,9,Bulls,Tyrants,Floms,591,2,0,2,4,
2,1,9,Tyrants,Bulls,Fuzh,544,1,0,2,6,
2,1,9,Tyrants,Bulls,JRyck,413,0,1,3,2,
2,2,9,Bulls,Tyrants,Tagmata,498,1,2,1,5,
2,2,9,Bulls,Tyrants,Floms,722,3,2,1,5,
2,2,9,Tyrants,Bulls,Fuzh,830,4,0,3,6,
2,2,9,Tyrants,Bulls,JRyck,463,1,3,1,1,
2,3,9,Bulls,Tyrants,Tagmata,420,2,1,0,1,
2,3,9,Bulls,Tyrants,Floms,681,3,1,1,8,
2,3,9,Tyrants,Bulls,Fuzh,438,1,1,1,1,
2,3,9,Tyrants,Bulls,JRyck,415,1,0,2,3,
2,4,9,Bulls,Tyrants,Tagmata,394,1,1,1,5,
2,4,9,Bulls,Tyrants,Floms,544,2,1,1,4,
2,4,9,Tyrants,Bulls,Fuzh,373,1,1,1,3,
2,4,9,Tyrants,Bulls,JRyck,550,1,1,2,2,
2,5,9,Bulls,Tyrants,Tagmata,777,2,2,3,6,
2,5,9,Bulls,Tyrants,Floms,801,3,0,3,6,
2,5,9,Tyrants,Bulls,Fuzh,656,1,2,3,5,
2,5,9,Tyrants,Bulls,JRyck,513,2,0,2,5,
2,1,10,Elite,Pandas,Cearu,571,2,0,2,5,
2,1,10,Elite,Pandas,El Diablo Rojo,483,1,2,1,2,
2,1,10,Pandas,Elite,JustTuck,817,4,0,2,6,
2,1,10,Pandas,Elite,Riz,368,0,2,1,2,
2,2,10,Elite,Pandas,Cearu,492,2,1,1,4,
2,2,10,Elite,Pandas,El Diablo Rojo,630,2,2,2,4,
2,2,10,Pandas,Elite,JustTuck,665,2,1,3,3,
2,2,10,Pandas,Elite,Riz,386,1,1,2,3,
2,3,10,Elite,Pandas,Cearu,321,0,1,1,1,
2,3,10,Elite,Pandas,El Diablo Rojo,649,3,0,2,7,
2,3,10,Pandas,Elite,JustTuck,354,1,0,1,4,
2,3,10,Pandas,Elite,Riz,140,0,0,0,2,
2,4,10,Elite,Pandas,Cearu,509,1,3,0,3,
2,4,10,Elite,Pandas,El Diablo Rojo,743,4,0,2,6,
2,4,10,Pandas,Elite,JustTuck,384,0,0,2,2,
2,4,10,Pandas,Elite,Riz,222,0,0,2,1,
2,5,10,Elite,Pandas,Cearu,462,1,2,1,5,
2,5,10,Elite,Pandas,El Diablo Rojo,693,3,1,2,5,
2,5,10,Pandas,Elite,JustTuck,296,1,0,1,3,
2,5,10,Pandas,Elite,Riz,372,0,0,3,1,
2,1,11,Hurricanes,Flames,Iguane Fabuleux,620,1,3,1,2,
2,1,11,Hurricanes,Flames,Peabs,899,5,1,1,7,
2,1,11,Flames,Hurricanes,Reverse Fridge,126,0,0,0,1,
2,1,11,Flames,Hurricanes,whale,469,1,0,2,3,
2,2,11,Hurricanes,Flames,Iguane Fabuleux,635,2,1,1,7,
2,2,11,Hurricanes,Flames,Peabs,531,2,1,2,3,
2,2,11,Flames,Hurricanes,Reverse Fridge,612,2,1,1,5,
2,2,11,Flames,Hurricanes,whale,629,2,1,1,5,
2,3,11,Hurricanes,Flames,Iguane Fabuleux,392,1,0,1,3,
2,3,11,Hurricanes,Flames,Peabs,835,4,0,2,8,
2,3,11,Flames,Hurricanes,Reverse Fridge,340,0,0,2,3,
2,3,11,Flames,Hurricanes,whale,456,1,0,2,3,
2,4,11,Hurricanes,Flames,Iguane Fabuleux,240,0,0,0,6,
2,4,11,Hurricanes,Flames,Peabs,826,4,0,2,8,
2,4,11,Flames,Hurricanes,Reverse Fridge,178,0,1,0,2,
2,4,11,Flames,Hurricanes,whale,564,1,0,4,2,
2,5,11,Hurricanes,Flames,Iguane Fabuleux,488,2,1,1,4,
2,5,11,Hurricanes,Flames,Peabs,561,2,1,2,4,
2,5,11,Flames,Hurricanes,Reverse Fridge,574,2,1,3,3,
2,5,11,Flames,Hurricanes,whale,448,1,2,0,4,
2,1,12,Spectre,Dodgers,Vitali,757,3,2,1,9,
2,1,12,Spectre,Dodgers,Plum,737,2,3,2,6,
2,1,12,Dodgers,Spectre,Bolio,888,1,1,8,4,
2,1,12,Dodgers,Spectre,Whiffles,354,1,1,0,2,
2,2,12,Spectre,Dodgers,Vitali,398,1,1,2,2,
2,2,12,Spectre,Dodgers,Plum,423,1,1,1,1,
2,2,12,Dodgers,Spectre,Bolio,663,3,2,0,6,
2,2,12,Dodgers,Spectre,Whiffles,587,2,3,1,4,
2,3,12,Spectre,Dodgers,Vitali,457,0,1,3,1,
2,3,12,Spectre,Dodgers,Plum,417,2,0,0,4,
2,3,12,Dodgers,Spectre,Bolio,277,0,0,1,3,
2,3,12,Dodgers,Spectre,Whiffles,248,1,0,0,4,
2,4,12,Spectre,Dodgers,Vitali,951,5,1,1,5,
2,4,12,Spectre,Dodgers,Plum,629,1,3,3,3,
2,4,12,Dodgers,Spectre,Bolio,399,1,1,1,2,
2,4,12,Dodgers,Spectre,Whiffles,382,1,1,1,6,
2,5,12,Spectre,Dodgers,Vitali,643,2,0,2,9,
2,5,12,Spectre,Dodgers,Plum,509,0,1,5,2,
2,5,12,Dodgers,Spectre,Bolio,634,2,0,2,9,
2,5,12,Dodgers,Spectre,Whiffles,374,1,1,1,4,
2,1,13,Comets,Foxes,magipod,218,0,0,2,0,
2,1,13,Comets,Foxes,Tunloink,449,0,0,3,5,
2,1,13,Foxes,Comets,Atokad,834,4,1,1,9,
2,1,13,Foxes,Comets,henrY,738,3,1,3,3,
2,2,13,Comets,Foxes,magipod,674,0,1,5,2,
2,2,13,Comets,Foxes,Tunloink,416,2,0,0,4,
2,2,13,Foxes,Comets,Atokad,953,5,2,1,8,
2,2,13,Foxes,Comets,henrY,958,4,2,2,8,
2,3,13,Comets,Foxes,magipod,612,2,0,4,4,
2,3,13,Comets,Foxes,Tunloink,396,0,2,1,3,
2,3,13,Foxes,Comets,Atokad,856,4,1,1,8,
2,3,13,Foxes,Comets,henrY,692,2,2,3,4,
2,4,13,Comets,Foxes,magipod,332,0,1,1,5,
2,4,13,Comets,Foxes,Tunloink,556,2,0,2,5,
2,4,13,Foxes,Comets,Atokad,789,3,1,3,5,
2,4,13,Foxes,Comets,henrY,727,2,0,4,5,
2,5,13,Comets,Foxes,magipod,584,0,3,3,2,
2,5,13,Comets,Foxes,Tunloink,927,5,0,2,8,
2,5,13,Foxes,Comets,Atokad,784,4,1,1,6,
2,5,13,Foxes,Comets,henrY,959,2,4,4,7,
2,1,14,Jets,Hive,Kunics,456,1,0,3,3,
2,1,14,Jets,Hive,BScottyJ,210,0,0,2,0,
2,1,14,Hive,Jets,oogga,1130,5,4,1,7,
2,1,14,Hive,Jets,Malamente,731,4,2,0,8,
2,2,14,Jets,Hive,Kunics,436,1,0,2,4,
2,2,14,Jets,Hive,BScottyJ,603,2,1,1,2,
2,2,14,Hive,Jets,oogga,685,2,3,0,6,
2,2,14,Hive,Jets,Malamente,965,4,2,2,5,
2,3,14,Jets,Hive,Kunics,380,0,1,2,5,
2,3,14,Jets,Hive,BScottyJ,440,2,0,0,3,
2,3,14,Hive,Jets,oogga,525,2,0,3,2,
2,3,14,Hive,Jets,Malamente,558,1,1,3,3,
2,4,14,Jets,Hive,Kunics,228,0,0,1,3,
2,4,14,Jets,Hive,BScottyJ,310,0,0,1,1,
2,4,14,Hive,Jets,oogga,800,3,1,1,6,
2,4,14,Hive,Jets,Malamente,783,3,3,1,4,
2,5,14,Jets,Hive,Kunics,574,1,0,3,1,
2,5,14,Jets,Hive,BScottyJ,375,0,0,3,0,
2,5,14,Hive,Jets,oogga,779,4,1,0,8,
2,5,14,Hive,Jets,Malamente,312,1,1,0,4,
2,1,15,Wolves,Spartans,Corelli,990,5,4,0,8,
2,1,15,Wolves,Spartans,Sean,811,4,2,1,4,
2,1,15,Spartans,Wolves,kccolts81,394,1,0,2,2,
2,1,15,Spartans,Wolves,Sinnicole,256,0,1,0,0,
2,2,15,Wolves,Spartans,Corelli,526,2,0,2,3,
2,2,15,Wolves,Spartans,Sean,553,0,2,3,0,
2,2,15,Spartans,Wolves,kccolts81,569,3,0,1,6,
2,2,15,Spartans,Wolves,Sinnicole,464,1,2,0,6,
2,3,15,Wolves,Spartans,Corelli,416,2,1,0,5,
2,3,15,Wolves,Spartans,Sean,482,1,1,1,3,
2,3,15,Spartans,Wolves,kccolts81,418,2,0,1,2,
2,3,15,Spartans,Wolves,Sinnicole,322,0,1,1,4,
2,4,15,Wolves,Spartans,Corelli,450,2,1,0,3,
2,4,15,Wolves,Spartans,Sean,468,1,0,2,4,
2,4,15,Spartans,Wolves,kccolts81,658,1,2,3,2,
2,4,15,Spartans,Wolves,Sinnicole,793,4,1,1,6,
2,5,15,Wolves,Spartans,Corelli,446,1,2,2,3,
2,5,15,Wolves,Spartans,Sean,661,2,0,4,3,
2,5,15,Spartans,Wolves,kccolts81,641,2,3,1,4,
2,5,15,Spartans,Wolves,Sinnicole,984,5,1,2,8,
2,1,16,Ducks,Sharks,Mateo,656,2,2,3,5,
2,1,16,Ducks,Sharks,Kadu,512,2,1,0,8,
2,1,16,Sharks,Ducks,JangosGotAMango,250,1,0,0,3,
2,1,16,Sharks,Ducks,Mish,1173,4,1,7,7,
2,2,16,Ducks,Sharks,Mateo,602,1,1,4,3,
2,2,16,Ducks,Sharks,Kadu,514,2,1,0,7,
2,2,16,Sharks,Ducks,JangosGotAMango,587,1,3,1,5,
2,2,16,Sharks,Ducks,Mish,735,3,0,4,3,
2,3,16,Ducks,Sharks,Mateo,307,0,0,2,4,
2,3,16,Ducks,Sharks,Kadu,412,2,0,1,5,
2,3,16,Sharks,Ducks,JangosGotAMango,902,4,1,3,6,
2,3,16,Sharks,Ducks,Mish,663,2,2,2,4,
2,4,16,Ducks,Sharks,Mateo,425,0,0,3,3,
2,4,16,Ducks,Sharks,Kadu,290,0,0,1,2,
2,4,16,Sharks,Ducks,JangosGotAMango,426,1,1,2,2,
2,4,16,Sharks,Ducks,Mish,587,2,0,1,6,
2,5,16,Ducks,Sharks,Mateo,282,0,1,2,1,
2,5,16,Ducks,Sharks,Kadu,373,1,0,2,3,
2,5,16,Sharks,Ducks,JangosGotAMango,659,3,2,0,5,
2,5,16,Sharks,Ducks,Mish,599,2,2,2,4,
3,1,17,Bulls,Pandas,RainbowNoms,596,1,3,2,2,
3,1,17,Bulls,Pandas,Floms,995,5,0,1,10,
3,1,17,Pandas,Bulls,JustTuck,543,1,0,5,2,
3,1,17,Pandas,Bulls,Riz,357,0,1,1,2,
3,2,17,Bulls,Pandas,RainbowNoms,412,0,2,1,3,
3,2,17,Bulls,Pandas,Floms,928,3,0,3,4,
3,2,17,Pandas,Bulls,JustTuck,407,0,0,2,2,
3,2,17,Pandas,Bulls,Riz,809,2,0,4,3,
3,3,17,Bulls,Pandas,RainbowNoms,530,1,2,0,7,
3,3,17,Bulls,Pandas,Floms,506,1,2,0,5,
3,3,17,Pandas,Bulls,JustTuck,726,1,0,6,1,
3,3,17,Pandas,Bulls,Riz,297,0,0,1,1,
3,4,17,Bulls,Pandas,RainbowNoms,472,1,2,0,2,
3,4,17,Bulls,Pandas,Floms,872,4,1,1,10,
3,4,17,Pandas,Bulls,JustTuck,172,0,0,1,0,
3,4,17,Pandas,Bulls,Riz,413,0,0,3,4,
3,5,17,Bulls,Pandas,RainbowNoms,620,1,3,1,7,
3,5,17,Bulls,Pandas,Floms,960,5,1,1,7,
3,5,17,Pandas,Bulls,JustTuck,846,4,0,2,5,
3,5,17,Pandas,Bulls,Riz,718,1,3,3,4,
3,1,18,Elite,Tyrants,Cearu,763,2,1,5,5,
3,1,18,Elite,Tyrants,Codex,396,2,1,0,4,
3,1,18,Tyrants,Elite,Fuzh,673,3,1,1,4,
3,1,18,Tyrants,Elite,JRyck,600,2,1,1,8,
3,2,18,Elite,Tyrants,Cearu,653,1,0,5,4,
3,2,18,Elite,Tyrants,Codex,516,1,1,4,3,
3,2,18,Tyrants,Elite,Fuzh,728,2,0,4,8,
3,2,18,Tyrants,Elite,JRyck,699,2,1,1,7,
3,3,18,Elite,Tyrants,Cearu,516,1,2,0,6,
3,3,18,Elite,Tyrants,Codex,683,2,1,1,9,
3,3,18,Tyrants,Elite,Fuzh,743,2,0,4,3,
3,3,18,Tyrants,Elite,JRyck,706,0,2,5,3,
3,4,18,Elite,Tyrants,Cearu,398,1,1,0,4,
3,4,18,Elite,Tyrants,Codex,396,1,1,0,5,
3,4,18,Tyrants,Elite,Fuzh,262,0,0,2,1,
3,4,18,Tyrants,Elite,JRyck,399,0,0,3,2,
3,5,18,Elite,Tyrants,Cearu,262,0,0,2,4,
3,5,18,Elite,Tyrants,Codex,376,0,0,2,7,
3,5,18,Tyrants,Elite,Fuzh,997,3,0,6,4,
3,5,18,Tyrants,Elite,JRyck,370,0,0,4,1,
3,1,19,Hurricanes,Dodgers,Iguane Fabuleux,750,1,1,6,4,
3,1,19,Hurricanes,Dodgers,Peabs,665,1,0,5,3,
3,1,19,Dodgers,Hurricanes,Bolio,625,1,0,3,5,
3,1,19,Dodgers,Hurricanes,Red Line,342,0,1,1,6,
3,2,19,Hurricanes,Dodgers,Iguane Fabuleux,558,2,0,2,2,
3,2,19,Hurricanes,Dodgers,Peabs,313,0,0,3,2,
3,2,19,Dodgers,Hurricanes,Bolio,454,1,0,1,4,
3,2,19,Dodgers,Hurricanes,Red Line,328,0,1,1,1,
3,3,19,Hurricanes,Dodgers,Iguane Fabuleux,317,0,0,2,2,
3,3,19,Hurricanes,Dodgers,Peabs,479,1,0,3,6,
3,3,19,Dodgers,Hurricanes,Bolio,830,3,2,3,6,
3,3,19,Dodgers,Hurricanes,Red Line,875,2,3,5,2,
3,4,19,Hurricanes,Dodgers,Iguane Fabuleux,542,1,1,2,6,
3,4,19,Hurricanes,Dodgers,Peabs,442,1,0,3,4,
3,4,19,Dodgers,Hurricanes,Bolio,807,3,0,5,5,
3,4,19,Dodgers,Hurricanes,Red Line,481,1,2,1,6,
3,5,19,Hurricanes,Dodgers,Iguane Fabuleux,975,4,3,2,7,
3,5,19,Hurricanes,Dodgers,Peabs,1030,3,4,4,4,
3,5,19,Dodgers,Hurricanes,Bolio,687,4,0,0,7,
3,5,19,Dodgers,Hurricanes,Red Line,565,0,3,3,3,
3,1,20,Spectre,Flames,Plum,726,3,0,1,6,
3,1,20,Spectre,Flames,Vitali,330,1,0,2,3,
3,1,20,Flames,Spectre,SmilezRL,577,1,2,2,3,
3,1,20,Flames,Spectre,Erayne,463,2,0,2,3,
3,2,20,Spectre,Flames,Plum,670,2,1,3,4,
3,2,20,Spectre,Flames,Vitali,827,3,0,4,7,
3,2,20,Flames,Spectre,SmilezRL,240,0,0,1,6,
3,2,20,Flames,Spectre,Erayne,282,0,0,2,3,
3,3,20,Spectre,Flames,Plum,450,2,1,0,4,
3,3,20,Spectre,Flames,Vitali,723,2,1,4,4,
3,3,20,Flames,Spectre,SmilezRL,409,0,3,1,2,
3,3,20,Flames,Spectre,Erayne,682,3,0,2,6,
3,4,20,Spectre,Flames,Plum,613,1,1,5,5,
3,4,20,Spectre,Flames,Vitali,511,2,0,2,5,
3,4,20,Flames,Spectre,SmilezRL,672,2,2,2,3,
3,4,20,Flames,Spectre,Erayne,627,2,1,3,6,
3,5,20,Spectre,Flames,Plum,866,4,2,1,6,
3,5,20,Spectre,Flames,Vitali,938,4,0,3,6,
3,5,20,Flames,Spectre,SmilezRL,357,0,1,2,4,
3,5,20,Flames,Spectre,Erayne,356,1,0,1,5,
3,1,21,Comets,Hive,magipod,515,2,0,2,5,
3,1,21,Comets,Hive,isosolo,282,0,1,1,5,
3,1,21,Hive,Comets,Squidd,820,3,1,4,5,
3,1,21,Hive,Comets,Malamente,632,1,3,2,3,
3,2,21,Comets,Hive,magipod,693,3,1,1,7,
3,2,21,Comets,Hive,isosolo,632,2,2,1,6,
3,2,21,Hive,Comets,Squidd,340,0,0,1,0,
3,2,21,Hive,Comets,Malamente,628,2,0,3,5,
3,3,21,Comets,Hive,magipod,312,1,0,0,3,
3,3,21,Comets,Hive,isosolo,403,0,1,2,1,
3,3,21,Hive,Comets,Squidd,474,2,0,1,4,
3,3,21,Hive,Comets,Malamente,252,0,1,1,2,
3,4,21,Comets,Hive,magipod,502,2,0,1,8,
3,4,21,Comets,Hive,isosolo,154,0,0,0,2,
3,4,21,Hive,Comets,Squidd,651,2,0,4,2,
3,4,21,Hive,Comets,Malamente,594,1,2,4,2,
3,5,21,Comets,Hive,magipod,300,0,0,1,3,
3,5,21,Comets,Hive,isosolo,330,0,0,2,3,
3,5,21,Hive,Comets,Squidd,793,4,0,2,5,
3,5,21,Hive,Comets,Malamente,499,0,1,3,5,
3,1,22,Jets,Foxes,Kunics,543,1,1,4,1,
3,1,22,Jets,Foxes,Bond Brother,446,2,0,1,5,
3,1,22,Foxes,Jets,Atokad,426,1,2,1,4,
3,1,22,Foxes,Jets,.bacon,711,3,1,1,7,
3,2,22,Jets,Foxes,Kunics,216,0,0,0,0,
3,2,22,Jets,Foxes,Bond Brother,382,1,0,0,5,
3,2,22,Foxes,Jets,Atokad,639,1,2,3,3,
3,2,22,Foxes,Jets,.bacon,525,2,0,1,2,
3,3,22,Jets,Foxes,Kunics,403,2,0,1,3,
3,3,22,Jets,Foxes,Bond Brother,498,0,1,2,4,
3,3,22,Foxes,Jets,Atokad,923,5,2,1,4,
3,3,22,Foxes,Jets,.bacon,909,3,1,4,4,
3,4,22,Jets,Foxes,Kunics,830,3,2,3,5,
3,4,22,Jets,Foxes,Bond Brother,535,2,1,1,5,
3,4,22,Foxes,Jets,Atokad,550,2,1,1,4,
3,4,22,Foxes,Jets,.bacon,458,2,1,0,6,
3,5,22,Jets,Foxes,Kunics,348,1,1,0,3,
3,5,22,Jets,Foxes,Bond Brother,361,1,0,1,4,
3,5,22,Foxes,Jets,Atokad,592,2,1,2,4,
3,5,22,Foxes,Jets,.bacon,513,1,1,2,3,
3,1,23,Wolves,Sharks,Haimgame,523,0,3,3,0,
3,1,23,Wolves,Sharks,Sean,1087,4,0,5,4,
3,1,23,Sharks,Wolves,Mish,462,2,0,1,6,
3,1,23,Sharks,Wolves,Jdaaab,318,0,1,0,7,
3,2,23,Wolves,Sharks,Haimgame,355,1,0,2,2,
3,2,23,Wolves,Sharks,Sean,460,1,0,1,4,
3,2,23,Sharks,Wolves,Mish,765,3,2,2,6,
3,2,23,Sharks,Wolves,Jdaaab,641,3,1,1,7,
3,3,23,Wolves,Sharks,Haimgame,292,1,0,1,2,
3,3,23,Wolves,Sharks,Sean,530,1,1,1,8,
3,3,23,Sharks,Wolves,Mish,651,2,1,3,4,
3,3,23,Sharks,Wolves,Jdaaab,368,1,1,1,1,
3,4,23,Wolves,Sharks,Haimgame,298,0,2,1,3,
3,4,23,Wolves,Sharks,Sean,858,4,0,3,9,
3,4,23,Sharks,Wolves,Mish,463,2,0,2,5,
3,4,23,Sharks,Wolves,Jdaaab,477,0,2,3,2,
3,5,23,Wolves,Sharks,Haimgame,435,0,2,3,2,
3,5,23,Wolves,Sharks,Sean,800,3,0,4,4,
3,5,23,Sharks,Wolves,Mish,356,0,0,2,3,
3,5,23,Sharks,Wolves,Jdaaab,382,1,0,1,5,
3,1,24,Ducks,Spartans,Giant,584,1,2,2,1,
3,1,24,Ducks,Spartans,Kadu,673,3,1,1,10,
3,1,24,Spartans,Ducks,kccolts81,466,1,1,2,4,
3,1,24,Spartans,Ducks,Blagden,350,2,0,0,3,
3,2,24,Ducks,Spartans,Giant,743,2,3,2,5,
3,2,24,Ducks,Spartans,Kadu,706,3,0,3,3,
3,2,24,Spartans,Ducks,kccolts81,478,1,2,1,5,
3,2,24,Spartans,Ducks,Blagden,715,3,1,1,7,
3,3,24,Ducks,Spartans,Giant,220,1,0,0,3,
3,3,24,Ducks,Spartans,Kadu,390,0,0,3,1,
3,3,24,Spartans,Ducks,kccolts81,478,2,1,0,3,
3,3,24,Spartans,Ducks,Blagden,437,1,1,1,4,
3,4,24,Ducks,Spartans,Giant,654,2,0,3,5,
3,4,24,Ducks,Spartans,Kadu,510,1,1,1,3,
3,4,24,Spartans,Ducks,kccolts81,394,1,0,1,3,
3,4,24,Spartans,Ducks,Blagden,416,1,0,1,5,
3,5,24,Ducks,Spartans,Giant,442,1,1,1,4,
3,5,24,Ducks,Spartans,Kadu,572,3,0,1,3,
3,5,24,Spartans,Ducks,kccolts81,506,2,1,0,5,
3,5,24,Spartans,Ducks,Blagden,511,1,1,3,1,
4,1,25,Bulls,Spectre,RainbowNoms,809,4,2,1,8,
4,1,25,Bulls,Spectre,Floms,1025,4,3,3,8,
4,1,25,Spectre,Bulls,Vitali,563,0,1,4,3,
4,1,25,Spectre,Bulls,PuffTheDargon,322,1,0,2,2,
4,2,25,Bulls,Spectre,RainbowNoms,709,4,0,1,6,
4,2,25,Bulls,Spectre,Floms,688,2,2,2,6,
4,2,25,Spectre,Bulls,Vitali,437,1,0,2,2,
4,2,25,Spectre,Bulls,PuffTheDargon,266,0,1,1,2,
4,3,25,Bulls,Spectre,RainbowNoms,399,1,0,2,2,
4,3,25,Bulls,Spectre,Floms,827,2,1,6,3,
4,3,25,Spectre,Bulls,Vitali,358,0,1,1,4,
4,3,25,Spectre,Bulls,PuffTheDargon,516,2,0,1,7,
4,4,25,Bulls,Spectre,RainbowNoms,652,2,2,3,3,
4,4,25,Bulls,Spectre,Floms,978,4,1,3,8,
4,4,25,Spectre,Bulls,Vitali,540,2,2,1,8,
4,4,25,Spectre,Bulls,PuffTheDargon,965,3,2,4,3,
4,5,25,Bulls,Spectre,RainbowNoms,406,2,1,0,5,
4,5,25,Bulls,Spectre,Floms,1225,5,2,5,8,
4,5,25,Spectre,Bulls,Vitali,842,3,2,2,6,
4,5,25,Spectre,Bulls,PuffTheDargon,667,2,1,3,5,
4,1,26,Elite,Hurricanes,Codex,236,0,0,1,1,
4,1,26,Elite,Hurricanes,El Diablo Rojo,355,1,0,1,2,
4,1,26,Hurricanes,Elite,synthex,226,0,0,1,3,
4,1,26,Hurricanes,Elite,Iguane Fabuleux,230,0,0,1,1,
4,2,26,Elite,Hurricanes,Codex,637,2,2,1,3,
4,2,26,Elite,Hurricanes,El Diablo Rojo,619,3,1,1,3,
4,2,26,Hurricanes,Elite,synthex,290,0,2,0,1,
4,2,26,Hurricanes,Elite,Iguane Fabuleux,368,2,0,0,3,
4,3,26,Elite,Hurricanes,Codex,204,0,0,0,2,
4,3,26,Elite,Hurricanes,El Diablo Rojo,226,0,0,1,4,
4,3,26,Hurricanes,Elite,synthex,476,2,1,1,4,
4,3,26,Hurricanes,Elite,Iguane Fabuleux,682,2,1,2,3,
4,4,26,Elite,Hurricanes,Codex,294,0,0,1,2,
4,4,26,Elite,Hurricanes,El Diablo Rojo,232,0,0,0,4,
4,4,26,Hurricanes,Elite,synthex,418,1,0,1,1,
4,4,26,Hurricanes,Elite,Iguane Fabuleux,642,1,1,4,2,
4,5,26,Elite,Hurricanes,Codex,420,2,1,0,4,
4,5,26,Elite,Hurricanes,El Diablo Rojo,535,2,1,1,4,
4,5,26,Hurricanes,Elite,synthex,260,0,1,1,1,
4,5,26,Hurricanes,Elite,Iguane Fabuleux,451,1,0,2,1,
4,1,27,Tyrants,Dodgers,Fuzh,791,4,0,2,7,
4,1,27,Tyrants,Dodgers,Mage,302,0,2,1,3,
4,1,27,Dodgers,Tyrants,Bolio,887,3,3,3,4,
4,1,27,Dodgers,Tyrants,Jakester,765,3,1,2,6,
4,2,27,Tyrants,Dodgers,Fuzh,802,2,0,6,4,
4,2,27,Tyrants,Dodgers,Mage,426,1,1,1,3,
4,2,27,Dodgers,Tyrants,Bolio,719,1,5,2,7,
4,2,27,Dodgers,Tyrants,Jakester,1050,6,1,1,8,
4,3,27,Tyrants,Dodgers,Fuzh,815,4,1,1,7,
4,3,27,Tyrants,Dodgers,Mage,678,2,1,3,5,
4,3,27,Dodgers,Tyrants,Bolio,490,1,3,1,4,
4,3,27,Dodgers,Tyrants,Jakester,741,3,0,2,7,
4,4,27,Tyrants,Dodgers,Fuzh,823,3,1,2,6,
4,4,27,Tyrants,Dodgers,Mage,587,2,3,1,4,
4,4,27,Dodgers,Tyrants,Bolio,482,1,2,2,3,
4,4,27,Dodgers,Tyrants,Jakester,719,3,1,2,9,
4,5,27,Tyrants,Dodgers,Fuzh,719,2,1,3,4,
4,5,27,Tyrants,Dodgers,Mage,508,1,1,2,4,
4,5,27,Dodgers,Tyrants,Bolio,577,1,1,3,3,
4,5,27,Dodgers,Tyrants,Jakester,368,1,1,1,5,
4,1,28,Pandas,Flames,Riz,321,1,0,1,1,
4,1,28,Pandas,Flames,MapleSurrup,462,1,1,1,2,
4,1,28,Flames,Pandas,SmilezRL,268,0,0,0,1,
4,1,28,Flames,Pandas,Reverse Fridge,355,1,0,1,3,
4,2,28,Pandas,Flames,Riz,446,0,0,4,2,
4,2,28,Pandas,Flames,MapleSurrup,553,2,0,2,4,
4,2,28,Flames,Pandas,SmilezRL,686,3,0,2,5,
4,2,28,Flames,Pandas,Reverse Fridge,365,0,1,1,4,
4,3,28,Pandas,Flames,Riz,384,0,0,2,2,
4,3,28,Pandas,Flames,MapleSurrup,512,2,0,1,6,
4,3,28,Flames,Pandas,SmilezRL,232,0,0,1,3,
4,3,28,Flames,Pandas,Reverse Fridge,405,0,0,3,2,
4,4,28,Pandas,Flames,Riz,510,1,0,3,3,
4,4,28,Pandas,Flames,MapleSurrup,389,0,1,1,4,
4,4,28,Flames,Pandas,SmilezRL,502,1,0,2,4,
4,4,28,Flames,Pandas,Reverse Fridge,661,1,1,3,2,
4,5,28,Pandas,Flames,Riz,432,1,0,2,1,
4,5,28,Pandas,Flames,MapleSurrup,284,0,0,1,3,
4,5,28,Flames,Pandas,SmilezRL,655,2,1,1,3,
4,5,28,Flames,Pandas,Reverse Fridge,368,1,0,0,3,
4,1,29,Comets,Jets,magipod,421,0,1,3,0,
4,1,29,Comets,Jets,isosolo,502,1,0,3,3,
4,1,29,Jets,Comets,BScottyJ,298,1,0,0,6,
4,1,29,Jets,Comets,Bond Brother,502,1,1,2,4,
4,2,29,Comets,Jets,magipod,715,2,1,4,4,
4,2,29,Comets,Jets,isosolo,584,2,1,2,6,
4,2,29,Jets,Comets,BScottyJ,775,3,1,3,4,
4,2,29,Jets,Comets,Bond Brother,679,2,3,2,6,
4,3,29,Comets,Jets,magipod,369,1,0,2,3,
4,3,29,Comets,Jets,isosolo,353,0,1,2,2,
4,3,29,Jets,Comets,BScottyJ,469,1,2,2,3,
4,3,29,Jets,Comets,Bond Brother,881,3,1,3,5,
4,4,29,Comets,Jets,magipod,497,1,1,3,4,
4,4,29,Comets,Jets,isosolo,471,1,0,3,3,
4,4,29,Jets,Comets,BScottyJ,636,1,1,4,3,
4,4,29,Jets,Comets,Bond Brother,456,2,0,0,8,
4,5,29,Comets,Jets,magipod,607,3,0,2,3,
4,5,29,Comets,Jets,isosolo,554,2,2,0,4,
4,5,29,Jets,Comets,BScottyJ,440,2,0,1,3,
4,5,29,Jets,Comets,Bond Brother,471,1,2,1,4,
4,1,30,Wolves,Ducks,Haimgame,577,1,2,3,3,
4,1,30,Wolves,Ducks,Sean,573,2,1,2,5,
4,1,30,Ducks,Wolves,Giant,406,0,0,3,3,
4,1,30,Ducks,Wolves,Kadu,269,0,0,1,2,
4,2,30,Wolves,Ducks,Haimgame,358,1,1,1,1,
4,2,30,Wolves,Ducks,Sean,454,1,1,1,4,
4,2,30,Ducks,Wolves,Giant,265,0,0,2,1,
4,2,30,Ducks,Wolves,Kadu,166,0,0,0,1,
4,3,30,Wolves,Ducks,Haimgame,197,0,0,1,2,
4,3,30,Wolves,Ducks,Sean,743,1,0,5,6,
4,3,30,Ducks,Wolves,Giant,687,3,0,2,5,
4,3,30,Ducks,Wolves,Kadu,363,0,2,1,3,
4,4,30,Wolves,Ducks,Haimgame,156,0,0,1,0,
4,4,30,Wolves,Ducks,Sean,412,0,0,2,2,
4,4,30,Ducks,Wolves,Giant,314,1,0,1,2,
4,4,30,Ducks,Wolves,Kadu,260,0,0,0,2,
4,5,30,Wolves,Ducks,Haimgame,405,1,0,1,2,
4,5,30,Wolves,Ducks,Sean,469,0,0,4,1,
4,5,30,Ducks,Wolves,Giant,290,0,0,2,3,
4,5,30,Ducks,Wolves,Kadu,232,0,0,0,4,
4,1,31,Spartans,Foxes,kccolts81,478,0,4,1,2,
4,1,31,Spartans,Foxes,Sinnicole,976,5,0,4,7,
4,1,31,Foxes,Spartans,.bacon,484,1,2,2,6,
4,1,31,Foxes,Spartans,henrY,493,2,0,2,3,
4,2,31,Spartans,Foxes,kccolts81,164,0,0,0,3,
4,2,31,Spartans,Foxes,Sinnicole,357,0,0,2,2,
4,2,31,Foxes,Spartans,.bacon,422,1,1,1,3,
4,2,31,Foxes,Spartans,henrY,460,1,1,2,3,
4,3,31,Spartans,Foxes,kccolts81,328,0,1,2,1,
4,3,31,Spartans,Foxes,Sinnicole,260,1,0,0,2,
4,3,31,Foxes,Spartans,.bacon,554,1,3,1,3,
4,3,31,Foxes,Spartans,henrY,811,5,0,0,7,
4,4,31,Spartans,Foxes,kccolts81,412,0,0,4,2,
4,4,31,Spartans,Foxes,Sinnicole,613,1,0,3,3,
4,4,31,Foxes,Spartans,.bacon,468,2,0,0,10,
4,4,31,Foxes,Spartans,henrY,527,1,1,3,1,
4,5,31,Spartans,Foxes,kccolts81,292,0,1,1,1,
4,5,31,Spartans,Foxes,Sinnicole,449,1,0,2,4,
4,5,31,Foxes,Spartans,.bacon,596,2,2,1,5,
4,5,31,Foxes,Spartans,henrY,567,2,0,3,3,
4,1,32,Sharks,Hive,Luke_Rocks,897,3,3,2,4,
4,1,32,Sharks,Hive,Jdaaab,978,4,1,1,6,
4,1,32,Hive,Sharks,oogga,498,1,0,2,4,
4,1,32,Hive,Sharks,Prosperity2K,178,0,0,0,2,
4,2,32,Sharks,Hive,Luke_Rocks,633,0,3,3,6,
4,2,32,Sharks,Hive,Jdaaab,816,3,0,4,3,
4,2,32,Hive,Sharks,oogga,462,0,0,2,7,
4,2,32,Hive,Sharks,Prosperity2K,514,1,0,3,4,
4,3,32,Sharks,Hive,Luke_Rocks,805,3,1,2,7,
4,3,32,Sharks,Hive,Jdaaab,680,2,2,1,7,
4,3,32,Hive,Sharks,oogga,486,0,3,1,1,
4,3,32,Hive,Sharks,Prosperity2K,1209,4,0,6,5,
4,4,32,Sharks,Hive,Luke_Rocks,150,1,1,1,1,x
4,4,32,Sharks,Hive,Jdaaab,150,1,1,1,1,x
4,4,32,Hive,Sharks,oogga,50,0,0,0,1,x
4,4,32,Hive,Sharks,Prosperity2K,50,0,0,0,1,x
4,5,32,Sharks,Hive,Luke_Rocks,563,3,0,1,6,
4,5,32,Sharks,Hive,Jdaaab,533,0,2,4,4,
4,5,32,Hive,Sharks,oogga,730,2,2,4,6,
4,5,32,Hive,Sharks,Prosperity2K,864,4,1,2,5,
5,1,33,Bulls,Dodgers,Floms,735,3,0,2,6,
5,1,33,Bulls,Dodgers,Kamedez,582,1,2,1,5,
5,1,33,Dodgers,Bulls,Bolio,570,2,0,2,6,
5,1,33,Dodgers,Bulls,Whiffles,351,0,1,1,3,
5,2,33,Bulls,Dodgers,Floms,649,2,1,3,5,
5,2,33,Bulls,Dodgers,Kamedez,330,1,0,2,2,
5,2,33,Dodgers,Bulls,Bolio,595,1,1,3,2,
5,2,33,Dodgers,Bulls,Whiffles,419,1,1,1,6,
5,3,33,Bulls,Dodgers,Floms,855,3,0,4,5,
5,3,33,Bulls,Dodgers,Kamedez,438,1,2,1,4,
5,3,33,Dodgers,Bulls,Bolio,578,2,1,2,2,
5,3,33,Dodgers,Bulls,Whiffles,438,1,2,0,7,
5,4,33,Bulls,Dodgers,Floms,252,0,0,0,5,
5,4,33,Bulls,Dodgers,Kamedez,352,1,0,1,3,
5,4,33,Dodgers,Bulls,Bolio,1003,3,0,5,5,
5,4,33,Dodgers,Bulls,Whiffles,379,1,1,1,3,
5,5,33,Bulls,Dodgers,Floms,1299,5,4,3,7,
5,5,33,Bulls,Dodgers,Kamedez,782,4,3,0,5,
5,5,33,Dodgers,Bulls,Bolio,607,3,1,0,5,
5,5,33,Dodgers,Bulls,Whiffles,364,1,1,1,5,
5,1,34,Elite,Flames,El Diablo Rojo,763,3,0,4,4,
5,1,34,Elite,Flames,Cearu,534,1,1,2,5,
5,1,34,Flames,Elite,SmilezRL,433,1,0,2,7,
5,1,34,Flames,Elite,Reverse Fridge,326,0,1,1,2,
5,2,34,Elite,Flames,El Diablo Rojo,570,1,1,3,2,
5,2,34,Elite,Flames,Cearu,714,3,1,2,3,
5,2,34,Flames,Elite,SmilezRL,478,1,1,2,5,
5,2,34,Flames,Elite,Reverse Fridge,440,1,1,0,2,
5,3,34,Elite,Flames,El Diablo Rojo,570,1,1,3,2,
5,3,34,Elite,Flames,Cearu,714,3,1,2,3,
5,3,34,Flames,Elite,SmilezRL,478,1,1,2,5,
5,3,34,Flames,Elite,Reverse Fridge,440,1,1,0,2,
5,4,34,Elite,Flames,El Diablo Rojo,480,2,1,0,7,
5,4,34,Elite,Flames,Cearu,508,2,1,1,4,
5,4,34,Flames,Elite,SmilezRL,561,1,0,4,2,
5,4,34,Flames,Elite,Reverse Fridge,463,1,1,1,1,
5,5,34,Elite,Flames,El Diablo Rojo,611,2,0,3,3,
5,5,34,Elite,Flames,Cearu,593,1,2,2,5,
5,5,34,Flames,Elite,SmilezRL,444,1,0,2,1,
5,5,34,Flames,Elite,Reverse Fridge,442,0,1,2,5,
5,1,35,Hurricanes,Spectre,Iguane Fabuleux,501,2,0,2,5,
5,1,35,Hurricanes,Spectre,Peabs,504,0,1,3,3,
5,1,35,Spectre,Hurricanes,PuffTheDargon,493,1,0,4,2,
5,1,35,Spectre,Hurricanes,Vitali,356,0,1,1,5,
5,2,35,Hurricanes,Spectre,Iguane Fabuleux,872,4,1,1,8,
5,2,35,Hurricanes,Spectre,Peabs,551,2,0,3,3,
5,2,35,Spectre,Hurricanes,PuffTheDargon,224,0,0,1,1,
5,2,35,Spectre,Hurricanes,Vitali,234,0,0,1,3,
5,3,35,Hurricanes,Spectre,Iguane Fabuleux,931,4,1,3,6,
5,3,35,Hurricanes,Spectre,Peabs,432,2,1,0,3,
5,3,35,Spectre,Hurricanes,PuffTheDargon,305,0,1,1,2,
5,3,35,Spectre,Hurricanes,Vitali,690,2,0,3,4,
5,4,35,Hurricanes,Spectre,Iguane Fabuleux,621,2,0,2,6,
5,4,35,Hurricanes,Spectre,Peabs,570,0,1,5,2,
5,4,35,Spectre,Hurricanes,PuffTheDargon,302,0,0,1,5,
5,4,35,Spectre,Hurricanes,Vitali,523,1,0,2,5,
5,5,35,Hurricanes,Spectre,Iguane Fabuleux,757,3,1,1,4,
5,5,35,Hurricanes,Spectre,Peabs,400,1,0,1,4,
5,5,35,Spectre,Hurricanes,PuffTheDargon,180,0,0,1,1,
5,5,35,Spectre,Hurricanes,Vitali,278,0,0,0,3,
5,1,36,Tyrants,Pandas,Zack,629,2,1,2,4,
5,1,36,Tyrants,Pandas,Barry Allen,372,1,1,1,4,
5,1,36,Pandas,Tyrants,Riz,405,0,0,4,1,
5,1,36,Pandas,Tyrants,MapleSurrup,228,1,0,0,4,
5,2,36,Tyrants,Pandas,Zack,793,5,0,0,9,
5,2,36,Tyrants,Pandas,Barry Allen,717,2,2,4,5,
5,2,36,Pandas,Tyrants,Riz,518,0,3,3,1,
5,2,36,Pandas,Tyrants,MapleSurrup,659,4,0,1,7,
5,3,36,Tyrants,Pandas,Zack,448,2,0,1,5,
5,3,36,Tyrants,Pandas,Barry Allen,286,0,1,1,1,
5,3,36,Pandas,Tyrants,Riz,254,0,0,1,1,
5,3,36,Pandas,Tyrants,MapleSurrup,300,1,0,1,4,
5,4,36,Tyrants,Pandas,Zack,738,2,0,2,6,
5,4,36,Tyrants,Pandas,Barry Allen,212,0,1,0,4,
5,4,36,Pandas,Tyrants,Riz,334,0,1,1,0,
5,4,36,Pandas,Tyrants,MapleSurrup,607,1,0,5,2,
5,5,36,Tyrants,Pandas,Zack,873,4,1,0,6,
5,5,36,Tyrants,Pandas,Barry Allen,622,2,2,2,2,
5,5,36,Pandas,Tyrants,Riz,670,3,1,1,6,
5,5,36,Pandas,Tyrants,MapleSurrup,392,1,1,0,3,
5,1,37,Comets,Wolves,Tunloink,708,3,1,2,4,
5,1,37,Comets,Wolves,Erayne,1272,5,3,3,9,
5,1,37,Wolves,Comets,Corelli,347,0,0,2,4,
5,1,37,Wolves,Comets,Haimgame,160,0,0,0,2,
5,2,37,Comets,Wolves,Tunloink,660,3,2,1,4,
5,2,37,Comets,Wolves,Erayne,750,3,2,1,5,
5,2,37,Wolves,Comets,Corelli,601,3,0,0,5,
5,2,37,Wolves,Comets,Haimgame,506,1,2,2,2,
5,3,37,Comets,Wolves,Tunloink,604,2,2,1,7,
5,3,37,Comets,Wolves,Erayne,590,3,0,0,8,
5,3,37,Wolves,Comets,Corelli,583,3,0,1,6,
5,3,37,Wolves,Comets,Haimgame,672,1,2,3,3,
5,4,37,Comets,Wolves,Tunloink,852,2,3,4,6,
5,4,37,Comets,Wolves,Erayne,898,3,1,5,4,
5,4,37,Wolves,Comets,Corelli,825,4,0,1,11,
5,4,37,Wolves,Comets,Haimgame,433,0,2,3,2,
5,5,37,Comets,Wolves,Tunloink,523,1,2,1,4,
5,5,37,Comets,Wolves,Erayne,416,2,0,0,2,
5,5,37,Wolves,Comets,Corelli,754,3,1,2,5,
5,5,37,Wolves,Comets,Haimgame,505,1,3,1,1,
5,1,38,Jets,Spartans,Bond Brother,842,2,2,3,6,
5,1,38,Jets,Spartans,BScottyJ,418,2,1,0,4,
5,1,38,Spartans,Jets,Blagden,586,2,1,2,5,
5,1,38,Spartans,Jets,TosCrazy,564,1,2,3,1,
5,2,38,Jets,Spartans,Bond Brother,915,5,2,1,8,
5,2,38,Jets,Spartans,BScottyJ,832,3,3,2,3,
5,2,38,Spartans,Jets,Blagden,631,3,0,1,6,
5,2,38,Spartans,Jets,TosCrazy,334,0,2,1,2,
5,3,38,Jets,Spartans,Bond Brother,655,3,0,2,5,
5,3,38,Jets,Spartans,BScottyJ,232,0,2,0,3,
5,3,38,Spartans,Jets,Blagden,456,0,1,3,2,
5,3,38,Spartans,Jets,TosCrazy,304,1,0,1,2,
5,4,38,Jets,Spartans,Bond Brother,230,0,1,0,4,
5,4,38,Jets,Spartans,BScottyJ,797,3,0,3,7,
5,4,38,Spartans,Jets,Blagden,567,2,0,4,3,
5,4,38,Spartans,Jets,TosCrazy,246,0,1,0,2,
5,5,38,Jets,Spartans,Bond Brother,771,2,3,0,5,
5,5,38,Jets,Spartans,BScottyJ,762,4,1,1,8,
5,5,38,Spartans,Jets,Blagden,374,1,1,0,2,
5,5,38,Spartans,Jets,TosCrazy,526,1,1,2,5,
5,1,39,Ducks,Hive,Mateo,455,0,1,3,2,
5,1,39,Ducks,Hive,Giant,593,2,0,3,5,
5,1,39,Hive,Ducks,oogga,440,1,0,2,5,
5,1,39,Hive,Ducks,Malamente,212,0,0,0,4,
5,2,39,Ducks,Hive,Mateo,304,0,0,1,5,
5,2,39,Ducks,Hive,Giant,497,1,0,3,1,
5,2,39,Hive,Ducks,oogga,725,2,0,4,4,
5,2,39,Hive,Ducks,Malamente,432,0,2,0,6,
5,3,39,Ducks,Hive,Mateo,249,0,0,1,2,
5,3,39,Ducks,Hive,Giant,288,1,0,1,1,
5,3,39,Hive,Ducks,oogga,224,0,1,0,2,
5,3,39,Hive,Ducks,Malamente,445,2,0,1,3,
5,4,39,Ducks,Hive,Mateo,389,1,0,1,5,
5,4,39,Ducks,Hive,Giant,433,1,1,1,5,
5,4,39,Hive,Ducks,oogga,332,0,1,2,3,
5,4,39,Hive,Ducks,Malamente,526,1,0,3,2,
5,5,39,Ducks,Hive,Mateo,748,3,3,1,5,
5,5,39,Ducks,Hive,Giant,669,3,2,0,7,
5,5,39,Hive,Ducks,oogga,565,1,1,1,3,
5,5,39,Hive,Ducks,Malamente,627,2,1,4,2,
5,1,40,Foxes,Sharks,Atokad,525,2,1,1,7,
5,1,40,Foxes,Sharks,henrY,508,1,0,1,6,
5,1,40,Sharks,Foxes,Luke_Rocks,629,2,0,3,4,
5,1,40,Sharks,Foxes,Jdaaab,426,0,1,3,1,
5,2,40,Foxes,Sharks,Atokad,510,1,2,1,6,
5,2,40,Foxes,Sharks,henrY,832,3,1,3,5,
5,2,40,Sharks,Foxes,Luke_Rocks,265,0,0,2,3,
5,2,40,Sharks,Foxes,Jdaaab,467,0,0,3,3,
5,3,40,Foxes,Sharks,Atokad,394,0,2,0,6,
5,3,40,Foxes,Sharks,henrY,549,3,0,0,3,
5,3,40,Sharks,Foxes,Luke_Rocks,214,0,0,1,3,
5,3,40,Sharks,Foxes,Jdaaab,487,0,0,5,0,
5,4,40,Foxes,Sharks,Atokad,330,1,0,1,3,
5,4,40,Foxes,Sharks,henrY,366,0,1,2,1,
5,4,40,Sharks,Foxes,Luke_Rocks,394,2,0,0,2,
5,4,40,Sharks,Foxes,Jdaaab,424,1,1,1,6,
5,5,40,Foxes,Sharks,Atokad,651,3,1,0,4,
5,5,40,Foxes,Sharks,henrY,606,1,2,2,4,
5,5,40,Sharks,Foxes,Luke_Rocks,250,0,0,1,0,
5,5,40,Sharks,Foxes,Jdaaab,418,1,0,1,4,
6,1,41,Dodgers,Elite,JustTuck,714,3,1,2,3,
6,1,41,Dodgers,Elite,Whiffles,370,1,1,1,3,
6,1,41,Elite,Dodgers,Codex,565,3,0,1,4,
6,1,41,Elite,Dodgers,Cearu,400,2,1,0,3,
6,2,41,Dodgers,Elite,JustTuck,550,1,0,3,2,
6,2,41,Dodgers,Elite,Whiffles,184,0,1,0,1,
6,2,41,Elite,Dodgers,Codex,494,2,1,0,6,
6,2,41,Elite,Dodgers,Cearu,482,1,1,1,3,
6,3,41,Dodgers,Elite,JustTuck,228,0,0,1,1,
6,3,41,Dodgers,Elite,Whiffles,308,1,0,1,4,
6,3,41,Elite,Dodgers,Codex,707,3,1,1,6,
6,3,41,Elite,Dodgers,Cearu,888,3,2,3,6,
6,4,41,Dodgers,Elite,JustTuck,226,0,0,0,3,
6,4,41,Dodgers,Elite,Whiffles,238,1,0,0,2,
6,4,41,Elite,Dodgers,Codex,878,6,0,0,6,
6,4,41,Elite,Dodgers,Cearu,964,3,5,1,5,
6,5,41,Dodgers,Elite,JustTuck,489,1,0,3,4,
6,5,41,Dodgers,Elite,Whiffles,214,0,1,0,2,
6,5,41,Elite,Dodgers,Codex,724,3,0,3,5,
6,5,41,Elite,Dodgers,Cearu,464,1,1,1,6,
6,1,42,Flames,Bulls,SmilezRL,389,0,1,3,3,
6,1,42,Flames,Bulls,whale,352,1,0,1,5,
6,1,42,Bulls,Flames,RainbowNoms,486,2,0,1,4,
6,1,42,Bulls,Flames,Tagmata,437,0,2,2,4,
6,2,42,Flames,Bulls,SmilezRL,471,1,0,1,4,
6,2,42,Flames,Bulls,whale,356,1,0,2,3,
6,2,42,Bulls,Flames,RainbowNoms,857,3,2,3,6,
6,2,42,Bulls,Flames,Tagmata,715,3,1,1,5,
6,3,42,Flames,Bulls,SmilezRL,834,3,2,3,7,
6,3,42,Flames,Bulls,whale,901,4,2,1,6,
6,3,42,Bulls,Flames,RainbowNoms,483,2,1,4,4,
6,3,42,Bulls,Flames,Tagmata,684,2,1,4,4,
6,4,42,Flames,Bulls,SmilezRL,432,0,0,4,3,
6,4,42,Flames,Bulls,whale,252,0,0,0,5,
6,4,42,Bulls,Flames,RainbowNoms,649,2,1,3,5,
6,4,42,Bulls,Flames,Tagmata,766,2,2,3,3,
6,5,42,Flames,Bulls,SmilezRL,446,1,0,2,4,
6,5,42,Flames,Bulls,whale,408,0,1,1,4,
6,5,42,Bulls,Flames,RainbowNoms,387,0,1,2,3,
6,5,42,Bulls,Flames,Tagmata,589,2,0,2,6,
6,1,43,Hurricanes,Tyrants,Peabs,563,1,0,4,2,
6,1,43,Hurricanes,Tyrants,synthex,399,1,0,3,2,
6,1,43,Tyrants,Hurricanes,Zack,624,3,0,1,10,
6,1,43,Tyrants,Hurricanes,Barry Allen,290,0,1,1,3,
6,2,43,Hurricanes,Tyrants,Peabs,501,1,0,3,3,
6,2,43,Hurricanes,Tyrants,synthex,431,1,0,1,3,
6,2,43,Tyrants,Hurricanes,Zack,466,0,0,3,3,
6,2,43,Tyrants,Hurricanes,Barry Allen,431,1,0,2,4,
6,3,43,Hurricanes,Tyrants,Peabs,982,5,0,1,7,
6,3,43,Hurricanes,Tyrants,synthex,509,1,4,1,2,
6,3,43,Tyrants,Hurricanes,Zack,683,3,0,1,6,
6,3,43,Tyrants,Hurricanes,Barry Allen,441,1,1,1,3,
6,4,43,Hurricanes,Tyrants,Peabs,804,2,0,4,4,
6,4,43,Hurricanes,Tyrants,synthex,540,0,1,5,1,
6,4,43,Tyrants,Hurricanes,Zack,514,1,2,2,4,
6,4,43,Tyrants,Hurricanes,Barry Allen,542,2,1,1,7,
6,5,43,Hurricanes,Tyrants,Peabs,289,0,0,3,0,
6,5,43,Hurricanes,Tyrants,synthex,278,0,0,1,1,
6,5,43,Tyrants,Hurricanes,Zack,446,2,0,0,4,
6,5,43,Tyrants,Hurricanes,Barry Allen,283,0,0,1,3,
6,1,44,Spectre,Pandas,PuffTheDargon,426,1,0,2,3,
6,1,44,Spectre,Pandas,Dazerin,430,1,0,1,5,
6,1,44,Pandas,Spectre,MapleSurrup,883,3,0,4,9,
6,1,44,Pandas,Spectre,Jakester,412,0,2,2,1,
6,2,44,Spectre,Pandas,PuffTheDargon,323,0,1,2,2,
6,2,44,Spectre,Pandas,Dazerin,356,1,0,1,5,
6,2,44,Pandas,Spectre,MapleSurrup,1235,5,3,3,9,
6,2,44,Pandas,Spectre,Jakester,733,3,1,1,8,
6,3,44,Spectre,Pandas,PuffTheDargon,653,3,1,2,6,
6,3,44,Spectre,Pandas,Dazerin,646,2,0,4,3,
6,3,44,Pandas,Spectre,MapleSurrup,525,2,0,2,4,
6,3,44,Pandas,Spectre,Jakester,314,0,1,1,5,
6,4,44,Spectre,Pandas,PuffTheDargon,334,1,1,0,2,
6,4,44,Spectre,Pandas,Dazerin,742,3,1,1,5,
6,4,44,Pandas,Spectre,MapleSurrup,464,2,1,1,3,
6,4,44,Pandas,Spectre,Jakester,380,1,0,1,1,
6,5,44,Spectre,Pandas,PuffTheDargon,250,0,0,2,2,
6,5,44,Spectre,Pandas,Dazerin,465,0,0,4,2,
6,5,44,Pandas,Spectre,MapleSurrup,683,3,1,1,6,
6,5,44,Pandas,Spectre,Jakester,920,4,3,1,7,
6,1,45,Comets,Ducks,magipod,381,0,0,3,2,
6,1,45,Comets,Ducks,Tunloink,224,0,0,0,3,
6,1,45,Ducks,Comets,Giant,653,2,2,1,5,
6,1,45,Ducks,Comets,Mateo,631,3,1,1,3,
6,2,45,Comets,Ducks,magipod,363,0,0,3,5,
6,2,45,Comets,Ducks,Tunloink,438,2,0,0,5,
6,2,45,Ducks,Comets,Giant,508,1,2,1,2,
6,2,45,Ducks,Comets,Mateo,826,3,1,3,6,
6,3,45,Comets,Ducks,magipod,238,1,0,0,6,
6,3,45,Comets,Ducks,Tunloink,912,3,1,4,7,
6,3,45,Ducks,Comets,Giant,792,2,0,7,3,
6,3,45,Ducks,Comets,Mateo,434,1,1,2,5,
6,4,45,Comets,Ducks,magipod,484,2,1,1,4,
6,4,45,Comets,Ducks,Tunloink,782,3,2,1,7,
6,4,45,Ducks,Comets,Giant,474,2,0,1,3,
6,4,45,Ducks,Comets,Mateo,593,1,1,4,4,
6,5,45,Comets,Ducks,magipod,471,1,1,1,3,
6,5,45,Comets,Ducks,Tunloink,677,2,1,2,6,
6,5,45,Ducks,Comets,Giant,620,1,1,3,4,
6,5,45,Ducks,Comets,Mateo,592,1,1,2,4,
6,1,46,Jets,Wolves,Unborn,434,1,1,1,3,
6,1,46,Jets,Wolves,Bond Brother,664,3,1,0,4,
6,1,46,Wolves,Jets,Corelli,775,3,0,3,4,
6,1,46,Wolves,Jets,Sean,507,0,3,1,2,
6,2,46,Jets,Wolves,Unborn,489,1,0,3,3,
6,2,46,Jets,Wolves,Bond Brother,537,2,1,1,5,
6,2,46,Wolves,Jets,Corelli,662,3,0,3,5,
6,2,46,Wolves,Jets,Sean,552,1,2,2,2,
6,3,46,Jets,Wolves,Unborn,304,0,1,0,0,
6,3,46,Jets,Wolves,Bond Brother,412,1,0,1,4,
6,3,46,Wolves,Jets,Corelli,366,1,1,0,1,
6,3,46,Wolves,Jets,Sean,547,1,1,3,2,
6,4,46,Jets,Wolves,Unborn,339,0,1,1,2,
6,4,46,Jets,Wolves,Bond Brother,460,1,0,3,0,
6,4,46,Wolves,Jets,Corelli,380,1,1,0,5,
6,4,46,Wolves,Jets,Sean,728,3,0,1,4,
6,5,46,Jets,Wolves,Unborn,499,1,1,2,5,
6,5,46,Jets,Wolves,Bond Brother,454,1,0,2,4,
6,5,46,Wolves,Jets,Corelli,554,1,2,2,3,
6,5,46,Wolves,Jets,Sean,913,2,0,6,4,
6,1,47,Spartans,Sharks,kccolts81,50,0,0,0,1,x
6,1,47,Spartans,Sharks,Sinnicole,50,0,0,0,1,x
6,1,47,Sharks,Spartans,Mish,150,1,1,1,1,x
6,1,47,Sharks,Spartans,Luke_Rocks,150,1,1,1,1,x
6,2,47,Spartans,Sharks,kccolts81,50,0,0,0,1,x
6,2,47,Spartans,Sharks,Sinnicole,50,0,0,0,1,x
6,2,47,Sharks,Spartans,Mish,150,1,1,1,1,x
6,2,47,Sharks,Spartans,Luke_Rocks,150,1,1,1,1,x
6,3,47,Spartans,Sharks,kccolts81,50,0,0,0,1,x
6,3,47,Spartans,Sharks,Sinnicole,50,0,0,0,1,x
6,3,47,Sharks,Spartans,Mish,150,1,1,1,1,x
6,3,47,Sharks,Spartans,Luke_Rocks,150,1,1,1,1,x
6,4,47,Spartans,Sharks,kccolts81,50,0,0,0,1,x
6,4,47,Spartans,Sharks,Sinnicole,50,0,0,0,1,x
6,4,47,Sharks,Spartans,Mish,150,1,1,1,1,x
6,4,47,Sharks,Spartans,Luke_Rocks,150,1,1,1,1,x
6,5,47,Spartans,Sharks,kccolts81,50,0,0,0,1,x
6,5,47,Spartans,Sharks,Sinnicole,50,0,0,0,1,x
6,5,47,Sharks,Spartans,Mish,150,1,1,1,1,x
6,5,47,Sharks,Spartans,Luke_Rocks,150,1,1,1,1,x
6,1,48,Foxes,Hive,henrY,814,1,1,4,7,
6,1,48,Foxes,Hive,Atokad,596,1,0,1,5,
6,1,48,Hive,Foxes,Prosperity2K,727,1,0,2,7,
6,1,48,Hive,Foxes,Malamente,737,2,0,3,6,
6,2,48,Foxes,Hive,henrY,370,2,0,1,3,
6,2,48,Foxes,Hive,Atokad,582,2,1,2,4,
6,2,48,Hive,Foxes,Prosperity2K,190,0,1,0,1,
6,2,48,Hive,Foxes,Malamente,554,2,0,2,5,
6,3,48,Foxes,Hive,henrY,476,0,2,1,6,
6,3,48,Foxes,Hive,Atokad,609,2,0,2,5,
6,3,48,Hive,Foxes,Prosperity2K,461,1,0,2,3,
6,3,48,Hive,Foxes,Malamente,388,0,1,2,1,
6,4,48,Foxes,Hive,henrY,532,2,0,1,5,
6,4,48,Foxes,Hive,Atokad,443,0,1,3,3,
6,4,48,Hive,Foxes,Prosperity2K,275,0,0,2,0,
6,4,48,Hive,Foxes,Malamente,524,1,0,3,3,
6,5,48,Foxes,Hive,henrY,140,0,0,0,4,
6,5,48,Foxes,Hive,Atokad,452,1,0,1,5,
6,5,48,Hive,Foxes,Prosperity2K,559,1,1,4,3,
6,5,48,Hive,Foxes,Malamente,427,1,0,3,2,
7,1,49,Elite,Bulls,El Diablo Rojo,773,1,2,3,4,
7,1,49,Elite,Bulls,TyTy,826,3,1,5,5,
7,1,49,Bulls,Elite,RainbowNoms,662,1,2,2,7,
7,1,49,Bulls,Elite,Floms,709,2,1,2,7,
7,2,49,Elite,Bulls,El Diablo Rojo,665,1,0,3,4,
7,2,49,Elite,Bulls,TyTy,618,0,1,4,2,
7,2,49,Bulls,Elite,RainbowNoms,497,1,1,0,6,
7,2,49,Bulls,Elite,Floms,627,1,0,3,5,
7,3,49,Elite,Bulls,El Diablo Rojo,703,2,1,2,6,
7,3,49,Elite,Bulls,TyTy,545,1,1,2,3,
7,3,49,Bulls,Elite,RainbowNoms,584,1,0,4,4,
7,3,49,Bulls,Elite,Floms,467,1,0,1,4,
7,4,49,Elite,Bulls,El Diablo Rojo,921,3,1,3,6,
7,4,49,Elite,Bulls,TyTy,679,2,2,2,4,
7,4,49,Bulls,Elite,RainbowNoms,373,0,0,3,3,
7,4,49,Bulls,Elite,Floms,370,0,0,1,3,
7,5,49,Elite,Bulls,El Diablo Rojo,471,1,0,2,3,
7,5,49,Elite,Bulls,TyTy,593,2,0,3,3,
7,5,49,Bulls,Elite,RainbowNoms,649,3,1,0,7,
7,5,49,Bulls,Elite,Floms,485,1,1,3,5,
7,1,50,Dodgers,Flames,Red Line,637,3,0,1,5,
7,1,50,Dodgers,Flames,Whiffles,2446,0,1,0,5,
7,1,50,Flames,Dodgers,Reverse Fridge,621,3,1,1,5,
7,1,50,Flames,Dodgers,whale,828,3,3,2,4,
7,2,50,Dodgers,Flames,Red Line,370,2,0,0,3,
7,2,50,Dodgers,Flames,Whiffles,377,0,0,3,2,
7,2,50,Flames,Dodgers,Reverse Fridge,709,1,5,2,3,
7,2,50,Flames,Dodgers,whale,1134,7,0,0,12,
7,3,50,Dodgers,Flames,Red Line,594,2,1,1,6,
7,3,50,Dodgers,Flames,Whiffles,480,1,0,3,3,
7,3,50,Flames,Dodgers,Reverse Fridge,607,3,0,1,7,
7,3,50,Flames,Dodgers,whale,679,1,3,3,2,
7,4,50,Dodgers,Flames,Red Line,801,4,1,0,4,
7,4,50,Dodgers,Flames,Whiffles,383,1,2,0,4,
7,4,50,Flames,Dodgers,Reverse Fridge,536,2,1,1,2,
7,4,50,Flames,Dodgers,whale,570,2,2,1,2,
7,5,50,Dodgers,Flames,Red Line,677,3,0,1,6,
7,5,50,Dodgers,Flames,Whiffles,775,1,2,5,5,
7,5,50,Flames,Dodgers,Reverse Fridge,962,4,0,4,9,
7,5,50,Flames,Dodgers,whale,722,2,3,2,5,
7,1,51,Hurricanes,Pandas,Iguane Fabuleux,641,3,1,0,7,
7,1,51,Hurricanes,Pandas,Pulch,612,1,2,3,3,
7,1,51,Pandas,Hurricanes,MapleSurrup,889,2,1,5,4,
7,1,51,Pandas,Hurricanes,GOYO,292,1,0,0,2,
7,2,51,Hurricanes,Pandas,Iguane Fabuleux,535,1,1,3,4,
7,2,51,Hurricanes,Pandas,Pulch,451,1,1,1,4,
7,2,51,Pandas,Hurricanes,MapleSurrup,815,2,1,4,6,
7,2,51,Pandas,Hurricanes,GOYO,310,1,2,0,1,
7,3,51,Hurricanes,Pandas,Iguane Fabuleux,458,1,0,2,3,
7,3,51,Hurricanes,Pandas,Pulch,368,0,0,2,3,
7,3,51,Pandas,Hurricanes,MapleSurrup,518,1,0,3,5,
7,3,51,Pandas,Hurricanes,GOYO,491,1,1,2,4,
7,4,51,Hurricanes,Pandas,Iguane Fabuleux,425,0,0,3,4,
7,4,51,Hurricanes,Pandas,Pulch,293,0,0,2,2,
7,4,51,Pandas,Hurricanes,MapleSurrup,745,3,0,2,6,
7,4,51,Pandas,Hurricanes,GOYO,327,0,0,3,3,
7,5,51,Hurricanes,Pandas,Iguane Fabuleux,709,1,1,6,3,
7,5,51,Hurricanes,Pandas,Pulch,416,1,1,2,3,
7,5,51,Pandas,Hurricanes,MapleSurrup,923,4,2,2,11,
7,5,51,Pandas,Hurricanes,GOYO,500,2,1,0,8,
7,1,52,Spectre,Tyrants,Satsz,644,2,0,2,5,
7,1,52,Spectre,Tyrants,Dazerin,172,0,1,0,2,
7,1,52,Tyrants,Spectre,Zack,1226,6,1,3,7,
7,1,52,Tyrants,Spectre,Fuzh,575,1,4,1,3,
7,2,52,Spectre,Tyrants,Satsz,770,3,1,3,7,
7,2,52,Spectre,Tyrants,Dazerin,519,1,3,2,3,
7,2,52,Tyrants,Spectre,Zack,877,5,1,0,9,
7,2,52,Tyrants,Spectre,Fuzh,852,3,3,1,6,
7,3,52,Spectre,Tyrants,Satsz,807,4,2,1,8,
7,3,52,Spectre,Tyrants,Dazerin,685,3,1,1,3,
7,3,52,Tyrants,Spectre,Zack,705,3,1,2,4,
7,3,52,Tyrants,Spectre,Fuzh,787,3,3,1,6,
7,4,52,Spectre,Tyrants,Satsz,807,4,2,1,8,
7,4,52,Spectre,Tyrants,Dazerin,685,3,1,1,3,
7,4,52,Tyrants,Spectre,Zack,705,3,1,2,4,
7,4,52,Tyrants,Spectre,Fuzh,787,3,3,1,6,
7,5,52,Spectre,Tyrants,Satsz,231,0,0,1,1,
7,5,52,Spectre,Tyrants,Dazerin,409,2,0,1,3,
7,5,52,Tyrants,Spectre,Zack,617,2,3,0,5,
7,5,52,Tyrants,Spectre,Fuzh,775,4,2,1,5,
7,1,53,Comets,Sharks,Erayne,506,2,0,0,8,
7,1,53,Comets,Sharks,Tunloink,412,2,1,0,5,
7,1,53,Sharks,Comets,Mish,604,2,0,3,2,
7,1,53,Sharks,Comets,Jdaaab,447,0,1,4,0,
7,2,53,Comets,Sharks,Erayne,339,1,0,0,5,
7,2,53,Comets,Sharks,Tunloink,610,2,0,1,5,
7,2,53,Sharks,Comets,Mish,457,0,1,4,0,
7,2,53,Sharks,Comets,Jdaaab,410,2,0,0,5,
7,3,53,Comets,Sharks,Erayne,859,4,0,2,5,
7,3,53,Comets,Sharks,Tunloink,364,1,2,0,2,
7,3,53,Sharks,Comets,Mish,426,1,2,0,3,
7,3,53,Sharks,Comets,Jdaaab,669,3,1,0,3,
7,4,53,Comets,Sharks,Erayne,625,2,3,0,7,
7,4,53,Comets,Sharks,Tunloink,606,3,1,1,2,
7,4,53,Sharks,Comets,Mish,316,1,1,0,2,
7,4,53,Sharks,Comets,Jdaaab,579,2,1,2,2,
7,5,53,Comets,Sharks,Erayne,441,1,0,2,5,
7,5,53,Comets,Sharks,Tunloink,346,1,0,1,5,
7,5,53,Sharks,Comets,Mish,622,2,0,5,3,
7,5,53,Sharks,Comets,Jdaaab,652,1,2,3,5,
7,1,54,Jets,Ducks,Unborn,614,1,0,2,7,
7,1,54,Jets,Ducks,BScottyJ,542,0,0,5,1,
7,1,54,Ducks,Jets,Kadu,702,1,0,3,6,
7,1,54,Ducks,Jets,Mateo,605,1,1,2,6,
7,2,54,Jets,Ducks,Unborn,784,3,1,2,7,
7,2,54,Jets,Ducks,BScottyJ,794,3,3,1,3,
7,2,54,Ducks,Jets,Kadu,481,1,0,3,3,
7,2,54,Ducks,Jets,Mateo,335,0,1,2,4,
7,3,54,Jets,Ducks,Unborn,361,1,0,1,5,
7,3,54,Jets,Ducks,BScottyJ,392,1,1,1,2,
7,3,54,Ducks,Jets,Kadu,332,1,0,0,3,
7,3,54,Ducks,Jets,Mateo,400,0,1,2,1,
7,4,54,Jets,Ducks,Unborn,1051,4,2,4,8,
7,4,54,Jets,Ducks,BScottyJ,715,3,1,2,6,
7,4,54,Ducks,Jets,Kadu,210,0,1,0,5,
7,4,54,Ducks,Jets,Mateo,544,1,0,4,6,
7,5,54,Jets,Ducks,Unborn,1100,4,0,4,5,
7,5,54,Jets,Ducks,BScottyJ,339,0,1,3,0,
7,5,54,Ducks,Jets,Kadu,356,1,1,0,5,
7,5,54,Ducks,Jets,Mateo,438,1,1,2,3,
7,1,55,Wolves,Foxes,Haimgame,305,0,0,2,5,
7,1,55,Wolves,Foxes,Corelli,281,0,0,1,2,
7,1,55,Foxes,Wolves,.bacon,558,2,1,1,4,
7,1,55,Foxes,Wolves,henrY,610,1,0,5,2,
7,2,55,Wolves,Foxes,Haimgame,351,0,2,2,2,
7,2,55,Wolves,Foxes,Corelli,559,3,0,0,4,
7,2,55,Foxes,Wolves,.bacon,863,5,0,1,6,
7,2,55,Foxes,Wolves,henrY,316,0,1,2,2,
7,3,55,Wolves,Foxes,Haimgame,432,2,1,0,4,
7,3,55,Wolves,Foxes,Corelli,729,2,2,2,4,
7,3,55,Foxes,Wolves,.bacon,471,2,0,1,5,
7,3,55,Foxes,Wolves,henrY,427,0,0,3,1,
7,4,55,Wolves,Foxes,Haimgame,354,0,1,1,1,
7,4,55,Wolves,Foxes,Corelli,913,2,0,5,6,
7,4,55,Foxes,Wolves,.bacon,783,3,0,2,4,
7,4,55,Foxes,Wolves,henrY,475,0,1,2,6,
7,5,55,Wolves,Foxes,Haimgame,401,1,0,2,2,
7,5,55,Wolves,Foxes,Corelli,575,1,0,3,5,
7,5,55,Foxes,Wolves,.bacon,407,1,0,1,3,
7,5,55,Foxes,Wolves,henrY,455,0,1,4,3,
7,1,56,Spartans,Hive,Sinnicole,927,4,2,1,9,
7,1,56,Spartans,Hive,Blagden,608,3,0,1,7,
7,1,56,Hive,Spartans,Malamente,456,1,0,3,2,
7,1,56,Hive,Spartans,Squidd,573,1,1,3,5,
7,2,56,Spartans,Hive,Sinnicole,437,1,0,1,3,
7,2,56,Spartans,Hive,Blagden,330,0,1,2,1,
7,2,56,Hive,Spartans,Malamente,481,2,0,1,4,
7,2,56,Hive,Spartans,Squidd,375,0,0,2,2,
7,3,56,Spartans,Hive,Sinnicole,419,1,0,3,2,
7,3,56,Spartans,Hive,Blagden,405,0,0,1,1,
7,3,56,Hive,Spartans,Malamente,432,2,1,0,6,
7,3,56,Hive,Spartans,Squidd,835,4,2,1,8,
7,4,56,Spartans,Hive,Sinnicole,660,2,2,1,9,
7,4,56,Spartans,Hive,Blagden,513,2,1,1,5,
7,4,56,Hive,Spartans,Malamente,334,1,0,2,2,
7,4,56,Hive,Spartans,Squidd,430,0,0,4,2,
7,5,56,Spartans,Hive,Sinnicole,596,1,0,3,3,
7,5,56,Spartans,Hive,Blagden,506,1,1,3,3,
7,5,56,Hive,Spartans,Malamente,452,2,0,0,7,
7,5,56,Hive,Spartans,Squidd,565,1,1,3,3,